id,value,milliseconds,created,nquestions,expert_id,object_id
1,Bird,6255,2017-03-08 00:49:00.035327+00,1,6,435
2,Bird,15569,2017-03-08 00:53:44.479616+00,1,6,299
3,Amphibian,9691,2017-03-08 00:54:22.42728+00,1,6,50
4,Bird,10085,2017-03-08 00:56:32.835611+00,1,6,324
5,Mammal,6728,2017-03-08 00:57:09.395341+00,1,6,161
6,Mammal,8049,2017-03-08 00:58:32.18324+00,1,6,531
7,Mammal,12935,2017-03-08 01:01:56.291483+00,1,6,221
8,Bird,4874,2017-03-08 01:02:24.174013+00,1,6,165
9,Mammal,6938,2017-03-08 01:05:02.407212+00,1,6,225
10,Bird,5916,2017-03-08 01:11:20.031088+00,1,6,269
11,Bird,6178,2017-03-08 01:14:44.812916+00,1,6,262
12,Mammal,4885,2017-03-08 01:18:54.539861+00,1,6,451
13,Bird,5465,2017-03-08 01:22:50.951313+00,1,6,95
14,Mammal,6647,2017-03-08 01:26:20.875262+00,1,6,178
15,Mammal,8971,2017-03-08 01:26:54.774162+00,1,6,342
16,Amphibian,4420,2017-03-08 01:30:38.610507+00,1,2,310
17,Bird,8173,2017-03-08 01:31:11.138135+00,1,6,416
18,Reptil,5108,2017-03-08 01:31:31.594629+00,1,6,545
19,Mammal,2432,2017-03-08 01:33:06.457979+00,1,2,225
20,Mammal,7291,2017-03-08 01:35:06.587245+00,1,6,565
21,Mammal,2859,2017-03-08 01:37:34.765668+00,1,2,161
22,Mammal,3853,2017-03-08 01:37:39.229897+00,1,2,471
23,Mammal,6409,2017-03-08 01:46:02.486932+00,1,6,476
24,Amphibian,7791,2017-03-08 01:49:52.920649+00,1,6,425
25,Mammal,42908,2017-03-08 01:50:38.206334+00,1,6,457
26,Mammal,7178,2017-03-08 01:59:39.49143+00,1,6,259
27,Bird,6072,2017-03-08 02:00:16.579131+00,1,6,404
28,Mammal,31343,2017-03-08 02:01:47.391123+00,1,6,407
29,Mammal,11503,2017-03-08 02:04:58.459328+00,1,6,183
30,Bird,43665,2017-03-08 02:10:09.136812+00,1,6,329
31,Mammal,24368,2017-03-08 02:11:25.206607+00,1,6,208
32,Mammal,7507,2017-03-08 02:11:49.356647+00,1,6,483
33,Mammal,4582,2017-03-08 02:17:30.893442+00,1,6,388
34,Mammal,5032,2017-03-08 02:18:30.685562+00,1,6,289
35,Mammal,6104,2017-03-08 02:19:55.899959+00,1,6,101
36,Amphibian,11598,2017-03-08 02:20:10.146811+00,1,6,115
37,Mammal,14115,2017-03-08 02:21:23.383659+00,1,6,453
38,Mammal,14494,2017-03-08 02:22:03.22403+00,1,6,301
39,Reptil,7278,2017-03-08 02:26:21.428789+00,1,6,119
40,Mammal,32397,2017-03-08 02:27:22.992282+00,1,6,417
41,Reptil,5509,2017-03-08 02:27:33.928837+00,1,6,344
42,Mammal,4073,2017-03-08 02:29:00.198141+00,1,6,188
43,Mammal,4039,2017-03-08 02:29:41.511404+00,1,6,568
44,Bird,7541,2017-03-08 02:30:07.720319+00,1,6,207
45,Mammal,8805,2017-03-08 02:30:27.883769+00,1,6,306
46,Reptil,4923,2017-03-08 02:33:50.454594+00,1,6,310
47,Bird,4194,2017-03-08 02:34:49.624926+00,1,6,209
48,Reptil,7377,2017-03-08 02:38:02.33521+00,1,6,305
49,Reptil,35074,2017-03-08 02:39:07.718321+00,1,6,349
50,Mammal,4307,2017-03-08 02:39:26.579542+00,1,6,332
51,Bird,2904,2017-03-08 02:39:31.56079+00,1,6,443
52,Mammal,4878,2017-03-08 02:40:11.098049+00,1,6,368
53,Amphibian,8482,2017-03-08 02:40:22.790537+00,1,6,503
54,Reptil,4443,2017-03-08 02:40:45.056571+00,1,6,459
55,Reptil,7439,2017-03-08 02:42:04.766816+00,1,6,254
56,Bird,12624,2017-03-08 02:42:26.976042+00,1,8,303
57,Mammal,9492,2017-03-08 02:46:30.467875+00,1,6,430
58,Mammal,4195,2017-03-08 02:47:02.135432+00,1,8,568
59,Mammal,10920,2017-03-08 02:47:31.631854+00,1,6,419
60,Mammal,6198,2017-03-08 02:47:55.701002+00,1,6,572
61,Mammal,4389,2017-03-08 02:48:31.55083+00,1,6,12
62,Mammal,5698,2017-03-08 02:48:58.451169+00,1,6,275
63,Mammal,3070,2017-03-08 02:49:03.729134+00,1,6,402
64,Mammal,4104,2017-03-08 02:49:10.115995+00,1,6,454
65,Bird,8647,2017-03-08 02:49:21.27127+00,1,6,288
66,Mammal,6485,2017-03-08 02:49:30.161402+00,1,6,144
67,Mammal,12906,2017-03-08 02:49:45.751999+00,1,6,147
68,Bird,2800,2017-03-08 02:49:51.108288+00,1,6,352
69,Mammal,4074,2017-03-08 02:49:58.093725+00,1,6,139
70,Mammal,3508,2017-03-08 02:50:04.481104+00,1,6,321
71,Mammal,2270,2017-03-08 02:50:09.338504+00,1,6,230
72,Reptil,2745,2017-03-08 02:50:15.75279+00,1,6,539
73,Mammal,4054,2017-03-08 02:50:22.886181+00,1,6,523
74,Mammal,2445,2017-03-08 02:50:28.296771+00,1,6,253
75,Mammal,7581,2017-03-08 02:50:39.023527+00,1,6,555
76,Bird,4833,2017-03-08 02:50:47.186899+00,1,6,300
77,Bird,17680,2017-03-08 02:51:07.321198+00,1,6,544
78,Mammal,8655,2017-03-08 02:51:18.677833+00,1,6,164
79,Bird,9033,2017-03-08 02:51:30.976722+00,1,6,191
80,Mammal,4428,2017-03-08 02:51:38.791812+00,1,6,123
81,Mammal,2921,2017-03-08 02:51:45.726714+00,1,6,244
82,Bird,3189,2017-03-08 02:51:51.92861+00,1,6,303
83,Reptil,4204,2017-03-08 02:52:00.097344+00,1,6,70
84,Mammal,3089,2017-03-08 02:52:06.215611+00,1,6,522
85,Mammal,2957,2017-03-08 02:52:12.018936+00,1,6,360
86,Mammal,4786,2017-03-08 02:52:19.679258+00,1,6,88
87,Bird,3421,2017-03-08 02:52:26.138584+00,1,6,550
88,Mammal,3213,2017-03-08 02:52:32.295229+00,1,6,219
89,Mammal,3559,2017-03-08 02:52:39.507438+00,1,6,57
90,Mammal,3071,2017-03-08 02:52:45.519218+00,1,6,525
91,Bird,2100,2017-03-08 02:52:50.613925+00,1,6,409
92,Mammal,2176,2017-03-08 02:52:56.352073+00,1,6,94
93,Amphibian,3006,2017-03-08 02:53:05.999348+00,1,6,157
94,Mammal,7383,2017-03-08 02:53:18.149866+00,1,6,378
95,Mammal,6848,2017-03-08 02:53:27.727665+00,1,6,124
96,Mammal,16548,2017-03-08 02:53:47.599016+00,1,6,373
97,Mammal,4245,2017-03-08 02:53:56.762901+00,1,6,471
98,Mammal,2783,2017-03-08 02:54:02.991412+00,1,6,37
99,Mammal,3332,2017-03-08 02:54:09.008749+00,1,6,68
100,Mammal,6919,2017-03-08 02:54:18.789556+00,1,6,385
101,Amphibian,4573,2017-03-08 02:54:26.178633+00,1,6,543
102,Bird,2707,2017-03-08 02:54:31.418327+00,1,6,326
103,Mammal,1893,2017-03-08 02:54:36.270245+00,1,6,520
104,Bird,3095,2017-03-08 02:54:42.415871+00,1,6,166
105,Bird,7550,2017-03-08 02:54:55.03707+00,1,6,354
106,Bird,6859,2017-03-08 02:55:05.116796+00,1,6,527
107,Mammal,6293,2017-03-08 02:55:14.221076+00,1,6,327
108,Mammal,4932,2017-03-08 02:55:22.123232+00,1,6,343
109,Mammal,3520,2017-03-08 02:55:28.753839+00,1,6,308
110,Mammal,4192,2017-03-08 02:55:36.619308+00,1,6,440
111,Mammal,5094,2017-03-08 02:55:44.180725+00,1,6,205
112,Mammal,18546,2017-03-08 02:56:05.601627+00,1,6,83
114,Mammal,3757,2017-03-08 02:56:17.696228+00,1,6,263
119,Amphibian,5507,2017-03-08 02:56:57.73946+00,1,6,429
120,Bird,11663,2017-03-08 02:57:13.528279+00,1,6,356
121,Mammal,18862,2017-03-08 02:57:35.441126+00,1,6,494
122,Mammal,4925,2017-03-08 02:57:42.999018+00,1,6,551
123,Bird,11610,2017-03-08 02:57:57.331125+00,1,6,2
125,Reptil,10580,2017-03-08 02:58:25.027189+00,1,6,470
126,Mammal,63470,2017-03-08 02:59:21.104671+00,1,3,244
113,Bird,2829,2017-03-08 02:56:10.930692+00,1,6,277
115,Reptil,7691,2017-03-08 02:56:28.221833+00,1,6,240
116,Mammal,5318,2017-03-08 02:56:36.274049+00,1,6,506
117,Mammal,5465,2017-03-08 02:56:44.556265+00,1,6,366
118,Mammal,2337,2017-03-08 02:56:49.423476+00,1,6,325
124,Mammal,11367,2017-03-08 02:58:11.516839+00,1,6,278
127,Mammal,4576,2017-03-08 02:59:39.023335+00,1,8,453
128,Mammal,7335,2017-03-08 02:59:47.621725+00,1,8,378
129,Mammal,20248,2017-03-08 03:00:08.727412+00,1,3,343
130,Mammal,3091,2017-03-08 03:03:28.229124+00,1,3,259
131,Mammal,2610,2017-03-08 03:04:14.158623+00,1,3,289
132,Mammal,3210,2017-03-08 03:05:39.427797+00,1,3,440
133,Mammal,2952,2017-03-08 03:05:59.74057+00,1,3,68
134,Bird,3005,2017-03-08 03:09:08.153561+00,1,3,207
135,Bird,5586,2017-03-08 03:14:16.580071+00,1,3,269
136,Reptil,3874,2017-03-08 03:15:45.870399+00,1,3,344
137,Mammal,4501,2017-03-08 03:15:53.68772+00,1,3,360
138,Amphibian,2637,2017-03-08 03:15:58.415217+00,1,3,157
139,Bird,3343,2017-03-08 03:17:24.41423+00,1,3,277
140,Amphibian,13120,2017-03-08 03:18:49.468718+00,1,3,50
141,Mammal,2684,2017-03-08 03:37:37.262194+00,1,2,327
142,Mammal,7008,2017-03-08 19:56:37.409157+00,1,10,124
143,Reptil,12703,2017-03-08 22:33:36.226647+00,1,11,310
144,Mammal,4287,2017-03-08 22:34:28.461878+00,1,11,219
145,Mammal,2513,2017-03-08 22:40:38.370888+00,1,11,124
146,Mammal,2704,2017-03-08 22:43:23.420451+00,1,11,440
147,Mammal,5413,2017-03-08 22:47:27.335238+00,1,11,230
148,Mammal,3633,2017-03-08 22:48:36.089674+00,1,11,471
149,Bird,3251,2017-03-08 22:50:25.179598+00,1,11,269
150,Amphibian,3495,2017-03-08 22:51:36.802667+00,1,11,425
151,Mammal,3545,2017-03-08 22:53:15.037926+00,1,11,402
152,Mammal,5313,2017-03-08 22:53:29.918342+00,1,11,147
153,Reptil,4433,2017-03-08 22:56:04.616053+00,1,11,305
154,Bird,5500,2017-03-08 22:56:49.093368+00,1,11,527
155,Mammal,3708,2017-03-08 22:57:16.507904+00,1,11,520
156,Mammal,3742,2017-03-08 22:59:00.300187+00,1,11,453
157,Mammal,3210,2017-03-08 22:59:09.78859+00,1,11,94
158,Amphibian,4317,2017-03-08 22:59:21.169488+00,1,11,157
159,Bird,5232,2017-03-08 23:01:39.69739+00,1,11,354
160,Bird,6379,2017-03-08 23:04:00.679313+00,1,11,550
161,Bird,3117,2017-03-08 23:04:10.910737+00,1,11,324
162,Mammal,4351,2017-03-08 23:04:37.853207+00,1,11,289
163,Bird,5181,2017-03-08 23:05:53.62359+00,1,11,166
164,Amphibian,4356,2017-03-08 23:06:17.029552+00,1,11,543
165,Reptil,4268,2017-03-08 23:06:42.027913+00,1,11,545
166,Mammal,4588,2017-03-08 23:11:08.079289+00,1,11,327
167,Reptil,4541,2017-03-08 23:14:32.581989+00,1,11,459
168,Mammal,4127,2017-03-08 23:14:51.152036+00,1,11,565
169,Reptil,4885,2017-03-08 23:15:58.890162+00,1,11,119
170,Mammal,3921,2017-03-08 23:17:28.098055+00,1,11,123
171,Mammal,3959,2017-03-08 23:17:58.157874+00,1,11,188
172,Mammal,5100,2017-03-08 23:19:50.142212+00,1,11,572
173,Mammal,3200,2017-03-08 23:19:55.787444+00,1,11,343
174,Reptil,4018,2017-03-08 23:20:06.48247+00,1,11,344
175,Mammal,3274,2017-03-08 23:20:45.661095+00,1,11,325
176,Mammal,4673,2017-03-08 23:20:53.161001+00,1,11,221
177,Mammal,3882,2017-03-08 23:21:49.47479+00,1,11,275
178,Bird,4508,2017-03-08 23:21:56.393026+00,1,11,95
179,Mammal,4497,2017-03-09 13:52:58.077561+00,1,12,259
180,Mammal,2664,2017-03-09 13:53:21.027914+00,1,12,385
181,Mammal,3172,2017-03-09 13:53:33.297155+00,1,12,183
182,Mammal,4263,2017-03-09 13:53:42.85638+00,1,12,306
183,Bird,2234,2017-03-09 13:53:55.38525+00,1,12,354
184,Mammal,2885,2017-03-09 17:59:25.715446+00,1,2,404
185,Mammal,3581,2017-03-09 20:16:46.384014+00,1,12,419
186,Mammal,4766,2017-03-09 21:01:46.105654+00,1,15,471
187,Mammal,16465,2017-03-09 22:23:50.840067+00,1,16,230
188,Mammal,4635,2017-03-09 22:32:28.949386+00,1,16,494
189,Bird,5777,2017-03-09 22:36:42.776201+00,1,16,527
190,Mammal,9389,2017-03-09 22:43:57.93032+00,1,16,12
191,Bird,7914,2017-03-09 22:44:28.026706+00,1,16,329
192,Mammal,4946,2017-03-09 22:44:54.506441+00,1,16,306
193,Bird,3468,2017-03-09 22:45:17.654526+00,1,16,191
194,Mammal,3131,2017-03-09 22:46:31.473849+00,1,16,368
195,Bird,2608,2017-03-09 22:47:13.226004+00,1,16,288
196,Reptil,4082,2017-03-09 22:50:32.78713+00,1,16,310
197,Mammal,2796,2017-03-09 22:51:46.678784+00,1,16,522
198,Mammal,36774,2017-03-10 00:11:54.820752+00,1,13,402
199,Mammal,12302,2017-03-10 00:12:16.751375+00,1,13,205
200,Bird,2858,2017-03-10 00:13:25.002035+00,1,12,435
201,Reptil,2498,2017-03-10 00:14:49.587035+00,1,12,70
202,Mammal,2536,2017-03-10 01:06:15.621455+00,1,12,124
203,Mammal,1828,2017-03-10 01:06:23.510064+00,1,12,278
204,Mammal,2771,2017-03-10 01:10:10.190479+00,1,12,144
205,Bird,2475,2017-03-10 01:10:58.302215+00,1,12,2
206,Amphibian,2816,2017-03-10 01:11:36.458675+00,1,12,157
207,Bird,2787,2017-03-10 01:11:55.760642+00,1,12,300
208,Mammal,2112,2017-03-10 01:12:03.070947+00,1,12,368
209,Mammal,4845,2017-03-10 01:13:22.954825+00,1,12,327
210,Bird,2794,2017-03-10 01:13:46.082818+00,1,12,329
211,Mammal,2802,2017-03-10 01:16:25.807825+00,1,12,342
212,Mammal,3171,2017-03-10 01:19:17.969452+00,1,12,230
213,Amphibian,5414,2017-03-10 01:20:48.297401+00,1,12,115
214,Mammal,1855,2017-03-10 01:28:14.846292+00,1,12,94
215,Bird,3226,2017-03-10 01:30:00.693757+00,1,12,416
216,Bird,9610,2017-03-10 01:32:58.415055+00,1,12,95
217,Mammal,2688,2017-03-10 01:33:08.354777+00,1,12,161
218,Mammal,2088,2017-03-10 01:33:14.427859+00,1,12,68
219,Mammal,2654,2017-03-10 01:34:53.480083+00,1,12,244
220,Amphibian,4565,2017-03-10 01:37:20.951898+00,1,12,50
221,Mammal,65791,2017-03-10 01:41:37.162811+00,1,7,188
222,Mammal,2511,2017-03-10 01:42:50.353224+00,1,12,332
223,Mammal,1767,2017-03-10 01:42:55.296541+00,1,12,360
224,Reptil,3832,2017-03-10 01:45:42.681461+00,1,12,470
225,Mammal,3524,2017-03-10 01:46:24.838609+00,1,7,161
226,Mammal,2469,2017-03-10 01:46:51.43107+00,1,7,147
227,Bird,5185,2017-03-10 01:47:02.201505+00,1,7,165
228,Mammal,2872,2017-03-10 01:47:25.934855+00,1,12,275
229,Mammal,2034,2017-03-10 01:48:40.794949+00,1,12,522
230,Bird,7550,2017-03-10 01:50:11.152447+00,1,12,356
231,Bird,3139,2017-03-10 01:51:54.214814+00,1,12,207
232,Mammal,3316,2017-03-10 01:56:23.45099+00,1,12,407
233,Mammal,2522,2017-03-10 01:57:54.578863+00,1,12,225
234,Bird,2113,2017-03-10 01:58:59.418293+00,1,12,269
235,Reptil,2697,2017-03-10 02:01:20.155371+00,1,12,310
236,Bird,3678,2017-03-10 02:01:56.919637+00,1,12,299
237,Mammal,3146,2017-03-10 02:18:35.834899+00,1,7,101
238,Amphibian,3653,2017-03-10 02:19:00.360458+00,1,7,543
239,Amphibian,3155,2017-03-10 02:20:44.797411+00,1,7,425
240,Mammal,2437,2017-03-10 02:26:27.740573+00,1,7,325
241,Mammal,2303,2017-03-10 02:26:56.58573+00,1,7,523
242,Bird,31351,2017-03-10 02:27:29.548164+00,1,7,329
243,Mammal,3800,2017-03-10 02:38:00.363262+00,1,7,12
244,Mammal,3242,2017-03-10 02:40:05.154767+00,1,7,417
245,Mammal,4111,2017-03-10 02:48:15.418618+00,1,7,457
246,Amphibian,14956,2017-03-10 02:50:18.968211+00,1,7,50
247,Amphibian,5942,2017-03-10 02:54:45.776707+00,1,7,115
248,Mammal,2742,2017-03-10 02:58:21.208678+00,1,7,183
249,Mammal,7578,2017-03-10 11:53:17.965508+00,1,15,523
250,Bird,7737,2017-03-11 17:08:01.519353+00,1,17,324
251,Mammal,3936,2017-03-11 17:12:37.69443+00,1,17,208
252,Mammal,13048,2017-03-11 22:59:17.648281+00,1,17,12
253,Amphibian,3402,2017-03-11 23:00:33.876914+00,1,17,429
254,Amphibian,4309,2017-03-11 23:04:13.438199+00,1,17,157
255,Bird,2676,2017-03-11 23:06:40.167978+00,1,17,352
256,Mammal,11562,2017-03-11 23:07:09.687081+00,1,17,373
257,Bird,2851,2017-03-11 23:08:08.312048+00,1,17,443
258,Mammal,2957,2017-03-11 23:10:29.41787+00,1,17,471
259,Mammal,3353,2017-03-11 23:11:19.169137+00,1,17,139
260,Mammal,2839,2017-03-12 00:57:48.874108+00,1,7,568
261,Mammal,2641,2017-03-12 00:58:12.877315+00,1,7,555
262,Bird,3502,2017-03-12 00:59:05.040679+00,1,7,435
263,Mammal,3631,2017-03-12 01:01:20.47788+00,1,7,263
264,Mammal,5353,2017-03-12 01:01:57.34472+00,1,7,471
265,Mammal,3082,2017-03-12 01:02:55.812572+00,1,7,520
266,Bird,2643,2017-03-12 17:36:22.241722+00,1,7,544
267,Bird,3023,2017-03-12 17:36:30.7599+00,1,7,326
268,Mammal,7050,2017-03-12 17:39:25.708493+00,1,7,506
269,Bird,3431,2017-03-12 17:40:25.521476+00,1,7,277
270,Bird,2872,2017-03-12 17:40:46.715777+00,1,7,550
271,Mammal,7332,2017-03-12 17:41:03.763013+00,1,7,123
272,Mammal,2873,2017-03-12 17:42:43.019938+00,1,7,476
273,Mammal,3471,2017-03-12 17:42:48.255454+00,1,7,308
274,Mammal,2269,2017-03-12 17:48:03.116087+00,1,7,525
275,Mammal,2926,2017-03-12 17:49:38.21151+00,1,7,451
276,Reptil,3414,2017-03-12 17:50:59.624042+00,1,7,545
277,Mammal,10505,2017-03-12 17:51:17.884563+00,1,7,419
278,Mammal,3765,2017-03-12 17:56:52.377918+00,1,7,454
279,Mammal,4172,2017-03-13 23:01:56.152666+00,1,11,457
280,Mammal,4223,2017-03-13 23:02:12.214396+00,1,11,88
281,Bird,3733,2017-03-13 23:02:31.849956+00,1,11,191
282,Mammal,4286,2017-03-13 23:02:38.551359+00,1,11,407
283,Bird,4022,2017-03-13 23:03:30.534337+00,1,11,207
284,Bird,2875,2017-03-13 23:04:18.783101+00,1,11,303
285,Mammal,4790,2017-03-13 23:07:50.400643+00,1,11,494
286,Mammal,35630,2017-03-13 23:11:28.529158+00,1,11,144
287,Mammal,3138,2017-03-14 20:12:30.151126+00,1,17,360
288,Amphibian,5380,2017-03-14 20:14:35.347037+00,1,17,115
289,Reptil,3019,2017-03-14 20:15:08.784672+00,1,17,344
290,Mammal,3030,2017-03-14 20:15:41.887488+00,1,17,263
291,Mammal,3208,2017-03-14 20:24:21.767804+00,1,17,453
292,Amphibian,21334,2017-03-14 20:26:59.461852+00,1,17,539
293,Mammal,3778,2017-03-14 20:30:05.259556+00,1,17,83
294,Mammal,10068,2017-03-16 19:58:26.424668+00,1,7,531
295,Mammal,4142,2017-03-16 19:58:50.198995+00,1,7,453
296,Bird,6704,2017-03-16 19:59:05.538227+00,1,7,443
297,Bird,5620,2017-03-16 19:59:30.449798+00,1,7,269
298,Bird,2635,2017-03-16 20:03:02.452272+00,1,7,409
299,Bird,2486,2017-03-16 20:07:33.208248+00,1,7,209
300,Mammal,10511,2017-03-17 19:39:44.18638+00,1,4,263
301,Mammal,4565,2017-03-17 19:43:35.774305+00,1,4,366
302,Mammal,9659,2017-03-17 19:43:46.489025+00,1,4,83
303,Bird,6249,2017-03-17 20:17:52.261214+00,1,4,207
304,Amphibian,19491,2017-03-17 20:21:17.755945+00,1,4,240
305,Bird,4001,2017-03-17 20:23:18.692387+00,1,4,191
306,Mammal,3753,2017-03-17 20:27:02.837743+00,1,4,344
307,Mammal,3722,2017-03-17 20:27:54.737551+00,1,4,88
308,Reptil,11470,2017-03-17 20:28:20.298247+00,1,4,70
309,Mammal,4791,2017-03-18 12:54:00.080251+00,1,14,68
310,Reptil,107162,2017-03-18 12:57:24.784435+00,1,14,344
311,Mammal,3379,2017-03-18 12:57:37.891678+00,1,14,366
312,Mammal,3345,2017-03-18 13:01:34.123219+00,1,14,301
313,Mammal,3155,2017-03-18 13:06:38.410931+00,1,14,360
314,Mammal,5160,2017-03-18 13:09:48.157101+00,1,14,164
315,Mammal,3534,2017-03-18 13:19:45.154374+00,1,14,94
316,Amphibian,5082,2017-03-18 13:21:16.509593+00,1,14,157
317,Bird,3484,2017-03-18 13:21:29.699823+00,1,14,288
318,Bird,4625,2017-03-18 13:22:33.152024+00,1,14,166
319,Mammal,8752,2017-03-18 13:26:23.908059+00,1,14,123
320,Amphibian,5260,2017-03-18 13:26:47.603967+00,1,14,115
321,Bird,4150,2017-03-18 13:34:58.791872+00,1,14,95
322,Mammal,17479,2017-03-18 13:38:54.28919+00,1,14,161
323,Bird,4483,2017-03-18 14:13:50.265611+00,1,14,269
324,Mammal,2924,2017-03-18 14:14:14.793059+00,1,14,417
325,Mammal,4035,2017-03-18 14:40:19.936716+00,1,14,230
326,Bird,3040,2017-03-18 15:08:34.214352+00,1,14,191
327,Bird,5344,2017-03-18 15:08:41.662256+00,1,14,324
328,Mammal,3276,2017-03-18 15:09:15.57785+00,1,14,278
329,Mammal,3074,2017-03-18 15:09:22.609295+00,1,14,221
330,Mammal,3432,2017-03-18 16:59:14.008708+00,1,14,88
331,Mammal,3216,2017-03-18 17:04:05.991964+00,1,14,57
332,Mammal,3426,2017-03-18 17:04:35.745881+00,1,14,144
333,Mammal,3369,2017-03-18 17:05:18.920427+00,1,14,12
334,Reptil,2919,2017-03-18 17:05:26.873873+00,1,14,545
335,Mammal,6580,2017-03-19 20:14:25.141886+00,1,11,483
336,Bird,3941,2017-03-19 20:14:47.647888+00,1,11,443
337,Mammal,4468,2017-03-19 20:17:12.847782+00,1,11,417
338,Mammal,9373,2017-03-19 20:49:18.885876+00,1,18,520
339,Mammal,3614,2017-03-19 20:52:43.883731+00,1,18,275
340,Bird,21326,2017-03-19 21:44:58.741473+00,1,19,209
341,Mammal,6749,2017-03-20 23:10:17.03849+00,1,19,343
342,Mammal,7418,2017-03-20 23:11:51.955925+00,1,19,430
343,Amphibian,3294,2017-03-20 23:15:33.917253+00,1,19,503
344,Bird,3100,2017-03-20 23:16:07.775361+00,1,19,354
345,Mammal,22518,2017-03-21 09:27:18.790057+00,1,5,144
346,Mammal,12507,2017-03-21 09:27:39.884294+00,1,5,417
347,Mammal,7188,2017-03-21 09:36:51.141784+00,1,5,332
348,Amphibian,3216,2017-03-21 09:37:23.66878+00,1,5,157
349,Mammal,7357,2017-03-21 09:37:38.744944+00,1,5,221
350,Mammal,5811,2017-03-21 09:38:58.268096+00,1,5,225
351,Mammal,5103,2017-03-21 09:40:03.573729+00,1,5,306
352,Mammal,7506,2017-03-21 09:45:35.056871+00,1,5,183
353,Mammal,8342,2017-03-21 09:46:40.31021+00,1,5,230
354,Bird,5205,2017-03-21 09:49:01.052596+00,1,5,207
355,Bird,4439,2017-03-21 09:50:41.322143+00,1,5,165
356,Amphibian,4029,2017-03-21 09:51:01.666348+00,1,5,503
357,Reptil,42908,2017-03-21 09:53:02.640109+00,1,5,119
358,Bird,2799,2017-03-21 09:53:34.97409+00,1,5,95
359,Reptil,4428,2017-03-21 09:53:41.039244+00,1,5,70
360,Mammal,3001,2017-03-21 09:53:45.889155+00,1,5,366
361,Mammal,3292,2017-03-21 09:55:48.931314+00,1,5,208
362,Mammal,5088,2017-03-21 09:57:22.937967+00,1,5,37
363,Amphibian,5386,2017-03-21 09:58:02.264194+00,1,5,50
364,Mammal,2726,2017-03-21 09:58:38.918265+00,1,5,88
365,Mammal,2637,2017-03-21 09:59:42.079913+00,1,5,289
366,Mammal,2285,2017-03-21 10:00:09.52463+00,1,5,565
367,Mammal,2517,2017-03-21 10:00:45.622158+00,1,5,68
368,Mammal,3005,2017-03-21 10:00:52.986221+00,1,5,147
369,Mammal,2175,2017-03-21 10:01:06.644596+00,1,5,161
370,Bird,2551,2017-03-21 10:01:52.786621+00,1,5,2
371,Reptil,2754,2017-03-21 10:02:56.712871+00,1,5,344
372,Mammal,4328,2017-03-21 10:03:33.896499+00,1,5,83
373,Mammal,3903,2017-03-21 10:04:53.65297+00,1,5,368
374,Mammal,2647,2017-03-21 10:05:51.467908+00,1,5,178
375,Mammal,5274,2017-03-21 10:06:52.069044+00,1,5,520
376,Mammal,3824,2017-03-21 10:07:04.138661+00,1,5,139
377,Mammal,4846,2017-03-21 10:10:24.863175+00,1,5,343
378,Mammal,2712,2017-03-21 10:11:33.110903+00,1,5,360
379,Mammal,3127,2017-03-21 10:12:51.812937+00,1,5,124
380,Mammal,2461,2017-03-21 10:13:23.865602+00,1,5,522
381,Reptil,3960,2017-03-21 10:13:37.270983+00,1,5,545
382,Mammal,2429,2017-03-21 10:14:06.739286+00,1,5,101
383,Mammal,2223,2017-03-21 10:14:39.015962+00,1,5,440
384,Mammal,2389,2017-03-21 10:14:46.94386+00,1,5,164
385,Bird,2710,2017-03-21 10:16:19.927265+00,1,5,299
386,Mammal,9658,2017-03-21 10:19:48.749752+00,1,5,494
387,Mammal,6379,2017-03-21 10:19:57.912407+00,1,5,57
388,Mammal,2571,2017-03-21 10:20:08.471876+00,1,5,188
389,Mammal,2549,2017-03-21 10:21:00.019079+00,1,5,219
390,Amphibian,3019,2017-03-21 10:21:29.865783+00,1,5,115
391,Bird,2473,2017-03-21 10:21:34.676555+00,1,5,435
392,Mammal,1920,2017-03-21 10:21:51.934293+00,1,5,568
393,Bird,2112,2017-03-21 10:21:56.508717+00,1,5,191
394,Bird,3059,2017-03-21 10:22:08.879681+00,1,5,550
395,Reptil,2509,2017-03-21 10:22:35.206592+00,1,5,240
396,Bird,3279,2017-03-21 10:22:54.581219+00,1,5,527
397,Mammal,2193,2017-03-21 10:23:10.722445+00,1,5,572
398,Amphibian,2305,2017-03-21 10:23:53.156328+00,1,5,543
399,Mammal,2743,2017-03-21 10:24:02.600834+00,1,5,551
400,Bird,2570,2017-03-21 10:24:31.333107+00,1,5,209
401,Mammal,2753,2017-03-21 10:25:19.075121+00,1,5,531
402,Mammal,2193,2017-03-21 10:26:25.283289+00,1,5,94
403,Mammal,2439,2017-03-21 10:28:53.906173+00,1,5,244
404,Mammal,3480,2017-03-21 10:29:58.753735+00,1,5,263
405,Reptil,3659,2017-03-21 10:30:09.289246+00,1,5,459
406,Mammal,3856,2017-03-21 10:31:26.920045+00,1,5,506
407,Mammal,2701,2017-03-21 10:32:14.470874+00,1,5,457
408,Mammal,2595,2017-03-21 10:37:06.956042+00,1,5,123
409,Mammal,2945,2017-03-21 10:38:15.502534+00,1,5,451
410,Mammal,2788,2017-03-21 10:39:36.179753+00,1,5,453
411,Mammal,2561,2017-03-21 10:40:09.557897+00,1,5,454
412,Amphibian,2996,2017-03-21 10:40:21.556586+00,1,5,429
413,Mammal,2596,2017-03-21 10:42:29.065641+00,1,5,525
414,Amphibian,2974,2017-03-21 10:43:21.590302+00,1,5,425
415,Bird,2277,2017-03-21 10:43:40.872635+00,1,5,166
416,Bird,4139,2017-03-21 10:43:48.593725+00,1,5,404
417,Mammal,3562,2017-03-21 10:44:28.675905+00,1,5,555
418,Mammal,3142,2017-03-21 10:44:58.307467+00,1,5,523
419,Mammal,2968,2017-03-21 10:45:36.641263+00,1,5,388
420,Mammal,2755,2017-03-21 10:45:43.207629+00,1,5,373
421,Mammal,2404,2017-03-21 10:46:19.9428+00,1,5,385
422,Mammal,2789,2017-03-21 10:47:14.982013+00,1,5,476
423,Mammal,2462,2017-03-21 10:47:21.327025+00,1,5,483
424,Bird,1831,2017-03-21 10:47:28.7101+00,1,5,416
425,Bird,2108,2017-03-21 10:47:33.96052+00,1,5,443
426,Bird,3536,2017-03-21 10:47:40.526164+00,1,5,356
427,Mammal,4392,2017-03-21 10:47:49.873817+00,1,5,325
428,Reptil,4958,2017-03-21 10:47:57.992671+00,1,5,349
429,Mammal,2393,2017-03-21 10:48:03.984313+00,1,5,12
430,Mammal,2656,2017-03-21 10:48:10.250234+00,1,5,471
431,Bird,2164,2017-03-21 10:48:15.743822+00,1,5,277
432,Bird,2063,2017-03-21 10:48:20.658893+00,1,5,354
433,Mammal,3184,2017-03-21 10:48:27.963372+00,1,5,308
434,Mammal,2185,2017-03-21 10:48:33.369436+00,1,5,205
435,Mammal,2315,2017-03-21 10:48:39.153968+00,1,5,378
436,Bird,2019,2017-03-21 10:48:47.369997+00,1,5,324
437,Bird,1904,2017-03-21 10:48:54.758146+00,1,5,329
438,Reptil,3830,2017-03-21 10:49:02.302398+00,1,5,310
439,Bird,1736,2017-03-21 10:49:07.349159+00,1,5,352
440,Bird,1426,2017-03-21 10:49:12.030291+00,1,5,544
441,Bird,1566,2017-03-21 10:49:17.109311+00,1,5,409
442,Mammal,1578,2017-03-21 10:49:22.427052+00,1,5,301
443,Reptil,3012,2017-03-21 10:49:29.216045+00,1,5,305
444,Mammal,1565,2017-03-21 10:49:34.305857+00,1,5,275
445,Reptil,6017,2017-03-21 10:49:43.246333+00,1,5,470
446,Amphibian,2665,2017-03-21 10:49:50.047613+00,1,5,539
447,Bird,2072,2017-03-21 10:49:56.431078+00,1,5,262
448,Mammal,1600,2017-03-21 10:50:01.875525+00,1,5,342
449,Bird,1623,2017-03-21 10:50:09.36049+00,1,5,303
450,Mammal,2067,2017-03-21 10:50:15.658479+00,1,5,430
451,Mammal,1539,2017-03-21 10:50:20.250508+00,1,5,253
452,Mammal,2429,2017-03-21 10:50:27.311509+00,1,5,407
453,Bird,1657,2017-03-21 10:50:32.527543+00,1,5,288
454,Bird,2407,2017-03-21 10:50:38.240155+00,1,5,326
455,Mammal,1411,2017-03-21 10:50:44.311624+00,1,5,259
456,Mammal,1399,2017-03-21 10:50:49.669112+00,1,5,321
457,Bird,2442,2017-03-21 10:50:56.564179+00,1,5,269
458,Mammal,1487,2017-03-21 10:51:01.483061+00,1,5,327
459,Mammal,2060,2017-03-21 10:51:10.298411+00,1,5,278
460,Reptil,7728,2017-03-21 10:51:23.371275+00,1,5,254
461,Mammal,2310,2017-03-21 10:51:30.018443+00,1,5,402
462,Bird,1504,2017-03-21 10:51:35.862212+00,1,5,300
463,Mammal,2199,2017-03-21 10:51:42.225083+00,1,5,419
464,Mammal,3349,2017-03-21 19:15:25.516384+00,1,14,101
465,Mammal,12605,2017-03-21 19:16:19.14732+00,1,14,37
466,Mammal,2818,2017-03-21 19:16:45.124731+00,1,14,306
467,Bird,8799,2017-03-21 19:17:12.736045+00,1,14,262
468,Reptil,28235,2017-03-21 19:18:06.667629+00,1,14,305
469,Mammal,3325,2017-03-21 19:22:23.327106+00,1,14,531
470,Bird,6812,2017-03-21 19:26:35.010122+00,1,14,303
471,Mammal,4905,2017-03-21 19:29:00.680644+00,1,14,568
472,Reptil,5309,2017-03-21 19:39:32.678192+00,1,21,545
473,Bird,18526,2017-03-21 23:56:12.863489+00,1,22,2
474,Mammal,5080,2017-03-21 23:58:29.633016+00,1,22,325
475,Bird,38215,2017-03-22 00:00:28.583745+00,1,22,527
476,Bird,4329,2017-03-22 00:00:34.297331+00,1,22,191
477,Mammal,6550,2017-03-22 00:00:43.218817+00,1,22,494
478,Mammal,4180,2017-03-22 00:06:39.663986+00,1,14,124
479,Mammal,2689,2017-03-22 00:10:07.522961+00,1,14,483
480,Mammal,5187,2017-03-22 00:12:08.802336+00,1,14,565
481,Bird,5232,2017-03-22 01:03:40.141776+00,1,14,550
482,Amphibian,5054,2017-03-22 01:03:55.167656+00,1,14,539
483,Mammal,3184,2017-03-22 01:04:29.584839+00,1,14,572
484,Bird,10595,2017-03-22 01:05:20.755777+00,1,14,544
485,Mammal,2692,2017-03-22 01:05:35.718286+00,1,14,457
486,Mammal,3703,2017-03-22 01:07:17.448877+00,1,14,471
487,Mammal,10706,2017-03-22 01:13:36.542466+00,1,22,419
488,Bird,3731,2017-03-22 01:15:20.504602+00,1,22,356
489,Mammal,7720,2017-03-22 11:46:36.992623+00,1,14,476
490,Mammal,3005,2017-03-22 11:47:25.019485+00,1,14,525
491,Amphibian,3795,2017-03-22 11:47:48.781002+00,1,14,429
492,Bird,2882,2017-03-22 11:50:54.915402+00,1,14,527
493,Mammal,2623,2017-03-22 11:51:00.556+00,1,14,523
494,Bird,3012,2017-03-22 11:51:48.001212+00,1,14,326
495,Mammal,3184,2017-03-22 11:51:58.578612+00,1,14,454
496,Amphibian,4467,2017-03-22 11:52:42.045072+00,1,14,503
497,Mammal,3089,2017-03-22 11:53:18.411484+00,1,14,430
498,Amphibian,2640,2017-03-22 11:53:36.161893+00,1,14,543
499,Amphibian,3596,2017-03-22 11:54:28.746243+00,1,14,425
500,Bird,3955,2017-03-22 11:55:55.359445+00,1,14,443
501,Reptil,4223,2017-03-22 11:57:05.304691+00,1,14,459
502,Mammal,3027,2017-03-22 11:58:26.021474+00,1,14,373
503,Mammal,3139,2017-03-22 11:58:40.048437+00,1,14,388
504,Bird,3042,2017-03-22 12:00:34.037953+00,1,14,300
505,Mammal,2797,2017-03-22 12:01:12.777143+00,1,14,407
506,Bird,3056,2017-03-22 12:03:21.887991+00,1,14,356
507,Reptil,2586,2017-03-22 12:04:03.921876+00,1,14,119
508,Bird,3532,2017-03-22 12:04:10.008708+00,1,14,354
509,Mammal,2915,2017-03-22 12:04:33.608659+00,1,14,419
510,Bird,9891,2017-03-22 12:05:25.180051+00,1,14,277
511,Mammal,3815,2017-03-22 12:05:31.52837+00,1,14,327
512,Mammal,7354,2017-03-22 12:05:45.94428+00,1,14,378
513,Mammal,3839,2017-03-22 12:05:52.360283+00,1,14,555
514,Bird,3237,2017-03-22 12:05:58.246741+00,1,14,329
515,Bird,3355,2017-03-22 12:06:05.618095+00,1,14,207
516,Mammal,3827,2017-03-22 12:06:14.34265+00,1,14,263
517,Mammal,5843,2017-03-22 12:06:24.911405+00,1,14,506
518,Mammal,4001,2017-03-22 12:06:31.639792+00,1,14,368
519,Mammal,4202,2017-03-22 12:06:38.847983+00,1,14,321
520,Mammal,2996,2017-03-22 12:06:45.863592+00,1,14,453
521,Mammal,9344,2017-03-22 12:06:58.520253+00,1,14,342
522,Mammal,2457,2017-03-22 12:07:05.501017+00,1,14,147
523,Bird,2022,2017-03-22 12:07:27.943038+00,1,14,165
524,Mammal,14592,2017-03-22 12:07:49.622491+00,1,14,289
525,Bird,3328,2017-03-22 12:07:56.139665+00,1,14,352
526,Mammal,2080,2017-03-22 12:08:01.380333+00,1,14,275
527,Bird,1959,2017-03-22 12:08:09.525099+00,1,14,409
528,Bird,2504,2017-03-22 12:08:14.982161+00,1,14,2
529,Mammal,8506,2017-03-22 12:08:43.575299+00,1,14,225
530,Mammal,5900,2017-03-22 12:08:53.824919+00,1,14,551
531,Reptil,5317,2017-03-22 12:09:04.230719+00,1,14,70
532,Mammal,9543,2017-03-22 12:09:16.54621+00,1,14,83
533,Mammal,2976,2017-03-22 12:09:22.967244+00,1,14,325
534,Reptil,6938,2017-03-22 12:09:32.716259+00,1,14,470
537,Mammal,2663,2017-03-22 12:09:56.234099+00,1,14,343
541,Mammal,3122,2017-03-22 12:11:15.346447+00,1,14,244
535,Mammal,5241,2017-03-22 12:09:41.489305+00,1,14,522
536,Bird,2605,2017-03-22 12:09:49.78016+00,1,14,404
538,Mammal,28353,2017-03-22 12:10:28.224555+00,1,14,520
539,Mammal,16834,2017-03-22 12:10:52.986335+00,1,14,385
540,Reptil,9422,2017-03-22 12:11:05.916193+00,1,14,254
542,Mammal,2828,2017-03-22 12:16:14.921047+00,1,14,308
543,Reptil,12146,2017-03-22 12:16:30.259684+00,1,14,349
544,Mammal,2673,2017-03-22 12:16:36.826484+00,1,14,178
545,Mammal,9638,2017-03-22 12:16:49.736785+00,1,14,451
546,Mammal,6631,2017-03-22 12:17:00.603129+00,1,14,494
547,Bird,8820,2017-03-22 12:17:12.47994+00,1,14,416
548,Mammal,7341,2017-03-22 12:17:23.311206+00,1,14,253
549,Bird,1911,2017-03-22 12:17:47.917989+00,1,14,299
550,Mammal,2653,2017-03-22 12:17:54.685359+00,1,14,402
551,Mammal,3676,2017-03-22 12:18:01.05875+00,1,14,440
552,Bird,2030,2017-03-22 12:18:05.867762+00,1,14,209
553,Mammal,2162,2017-03-22 12:18:11.053032+00,1,14,188
554,Bird,2956,2017-03-22 12:18:16.87094+00,1,14,435
555,Mammal,3148,2017-03-22 12:18:23.697866+00,1,14,205
556,Mammal,2515,2017-03-22 12:18:29.025034+00,1,14,259
557,Mammal,2394,2017-03-22 12:18:36.592641+00,1,14,139
558,Reptil,2223,2017-03-22 12:18:42.704677+00,1,14,310
559,Mammal,5009,2017-03-22 12:18:50.519104+00,1,14,183
560,Mammal,4256,2017-03-22 12:18:57.894108+00,1,14,208
561,Reptil,4866,2017-03-22 12:19:26.640701+00,1,14,240
562,Mammal,2969,2017-03-22 12:19:32.76267+00,1,14,219
563,Mammal,2644,2017-03-22 12:19:38.328827+00,1,14,332
564,Amphibian,4338,2017-03-22 12:19:57.099861+00,1,14,50
565,Bird,14513,2017-03-23 19:39:00.964339+00,1,4,303
566,Amphibian,6860,2017-03-23 19:40:39.94196+00,1,4,115
567,Amphibian,3648,2017-03-23 19:42:09.739086+00,1,4,543
568,Mammal,9113,2017-03-23 19:47:32.20773+00,1,4,368
569,Bird,2751,2017-03-23 19:50:37.622686+00,1,4,288
570,Mammal,3535,2017-03-23 19:53:28.351518+00,1,4,506
571,Mammal,4654,2017-03-23 19:55:35.011041+00,1,4,219
572,Mammal,24707,2017-03-23 19:56:39.433562+00,1,4,568
573,Mammal,2394,2017-03-23 19:57:06.381784+00,1,4,332
574,Mammal,5545,2017-03-23 19:57:15.539169+00,1,4,208
575,Mammal,3739,2017-03-23 19:57:49.252173+00,1,4,321
576,Bird,3220,2017-03-23 19:57:55.111468+00,1,4,277
577,Mammal,15455,2017-03-23 20:06:23.03749+00,1,4,520
578,Mammal,4680,2017-03-23 20:12:14.379845+00,1,4,12
579,Bird,2140,2017-03-23 20:13:08.36594+00,1,4,324
580,Reptil,6588,2017-03-23 20:14:05.352496+00,1,4,349
581,Mammal,6429,2017-03-23 20:15:57.306304+00,1,4,166
582,Mammal,8764,2017-03-23 20:20:26.911198+00,1,4,522
583,Mammal,4664,2017-03-23 20:23:04.963174+00,1,4,221
584,Bird,2979,2017-03-23 20:23:21.365547+00,1,4,95
585,Reptil,9445,2017-03-23 20:26:56.082165+00,1,4,539
586,Amphibian,7220,2017-03-24 19:02:04.260839+00,1,10,503
587,Amphibian,3954,2017-03-24 19:06:02.749636+00,1,10,425
588,Amphibian,3661,2017-03-24 19:06:17.776339+00,1,10,470
589,Mammal,7290,2017-03-24 22:12:54.754752+00,1,22,555
590,Mammal,3736,2017-03-24 22:15:21.515242+00,1,22,451
591,Mammal,3393,2017-03-24 22:15:29.179542+00,1,22,522
592,Mammal,4128,2017-03-24 22:17:26.284559+00,1,22,368
593,Amphibian,3251,2017-03-24 22:23:18.855537+00,1,22,157
594,Mammal,5146,2017-03-24 22:26:30.796547+00,1,22,402
595,Bird,5231,2017-03-24 22:34:29.827974+00,1,22,324
596,Mammal,4227,2017-03-24 22:34:47.648046+00,1,22,83
597,Bird,8323,2017-03-24 22:35:59.458208+00,1,22,288
598,Bird,5413,2017-03-24 22:50:46.988715+00,1,22,329
599,Mammal,3258,2017-03-24 22:52:19.310863+00,1,22,332
600,Mammal,3314,2017-03-24 22:54:58.728109+00,1,22,147
601,Mammal,2964,2017-03-24 22:55:26.52537+00,1,22,219
602,Mammal,3022,2017-03-24 22:55:57.60798+00,1,22,440
603,Bird,3720,2017-03-24 22:56:38.099415+00,1,22,303
604,Bird,3080,2017-03-24 22:57:08.707434+00,1,22,409
605,Mammal,3200,2017-03-24 22:57:38.310789+00,1,22,378
606,Reptil,3089,2017-03-24 23:00:21.473999+00,1,22,344
607,Reptil,22029,2017-03-24 23:01:32.53954+00,1,22,240
608,Mammal,2685,2017-03-24 23:02:00.89285+00,1,22,94
609,Bird,3059,2017-03-24 23:02:06.122674+00,1,22,354
610,Mammal,17235,2017-03-24 23:04:42.575267+00,1,22,259
611,Mammal,6344,2017-03-24 23:09:07.302935+00,1,22,225
612,Mammal,3489,2017-03-24 23:09:38.428544+00,1,22,430
613,Mammal,7385,2017-03-24 23:10:25.178824+00,1,22,161
614,Bird,3220,2017-03-24 23:12:32.134475+00,1,22,326
615,Mammal,3644,2017-03-24 23:17:02.003591+00,1,22,407
616,Mammal,11431,2017-03-24 23:18:06.58385+00,1,22,221
617,Reptil,4073,2017-03-24 23:19:36.758907+00,1,22,70
618,Mammal,4309,2017-03-24 23:21:14.735673+00,1,22,230
619,Mammal,3491,2017-03-24 23:22:44.620539+00,1,22,373
620,Mammal,3280,2017-03-24 23:22:50.467075+00,1,22,366
621,Bird,3642,2017-03-24 23:24:05.680865+00,1,22,207
622,Mammal,3273,2017-03-24 23:25:48.387315+00,1,22,525
623,Mammal,3237,2017-03-24 23:26:24.916897+00,1,22,178
624,Mammal,2979,2017-03-24 23:27:11.352564+00,1,22,531
625,Bird,3208,2017-03-24 23:29:34.171007+00,1,22,262
626,Amphibian,3138,2017-03-24 23:30:12.295059+00,1,22,425
627,Mammal,8922,2017-03-25 02:32:30.138933+00,1,22,308
628,Amphibian,4291,2017-03-25 02:37:45.827336+00,1,22,115
629,Bird,13145,2017-03-25 02:39:48.275781+00,1,22,277
630,Bird,2721,2017-03-25 02:41:26.382277+00,1,22,544
631,Mammal,3561,2017-03-25 02:42:14.396695+00,1,22,278
632,Mammal,4458,2017-03-25 02:42:25.608894+00,1,22,342
633,Mammal,3853,2017-03-25 02:43:41.915472+00,1,22,520
634,Mammal,2470,2017-03-25 02:44:35.520691+00,1,22,417
635,Mammal,2377,2017-03-25 02:44:51.478397+00,1,22,123
636,Bird,3385,2017-03-25 02:47:00.471723+00,1,22,95
637,Mammal,4438,2017-03-25 02:49:01.720331+00,1,22,457
638,Mammal,3701,2017-03-25 02:51:33.743131+00,1,22,164
639,Amphibian,3708,2017-03-25 02:51:40.310555+00,1,22,543
640,Mammal,3337,2017-03-25 02:51:46.209251+00,1,22,301
641,Reptil,3476,2017-03-25 02:52:28.514943+00,1,22,470
642,Mammal,5287,2017-03-25 02:52:45.514087+00,1,22,101
643,Mammal,29202,2017-03-25 02:54:13.87399+00,1,22,68
644,Mammal,3474,2017-03-25 02:55:06.39068+00,1,22,506
645,Reptil,15807,2017-03-25 02:55:59.567578+00,1,22,119
646,Mammal,6059,2017-03-25 02:57:14.885584+00,1,22,453
647,Mammal,3147,2017-03-25 02:57:52.993872+00,1,22,144
648,Reptil,5247,2017-03-25 02:59:15.02045+00,1,22,459
649,Reptil,5049,2017-03-25 02:59:22.722045+00,1,22,263
650,Mammal,2398,2017-03-25 02:59:51.155591+00,1,22,139
651,Reptil,10564,2017-03-25 03:00:04.400059+00,1,22,254
652,Mammal,5226,2017-03-25 03:00:56.49265+00,1,22,244
653,Mammal,3593,2017-03-25 03:02:04.221938+00,1,22,523
654,Mammal,3335,2017-03-25 03:02:13.100351+00,1,22,124
655,Mammal,7728,2017-03-25 03:02:27.785733+00,1,22,12
656,Mammal,16402,2017-03-25 03:02:47.805269+00,1,22,88
657,Mammal,2670,2017-03-25 03:02:52.950104+00,1,22,565
658,Reptil,1990,2017-03-25 03:02:59.536563+00,1,22,545
659,Mammal,2943,2017-03-25 03:03:06.034537+00,1,22,208
660,Mammal,4565,2017-03-25 03:03:14.15536+00,1,22,183
661,Reptil,3324,2017-03-25 03:03:21.661804+00,1,22,305
662,Bird,2180,2017-03-25 03:03:27.637128+00,1,22,443
663,Mammal,2675,2017-03-25 03:03:32.89813+00,1,22,327
664,Mammal,30689,2017-03-25 03:04:07.351718+00,1,22,321
665,Mammal,4138,2017-03-25 03:04:18.34154+00,1,22,388
666,Mammal,2867,2017-03-25 03:04:26.321242+00,1,22,385
667,Mammal,7208,2017-03-25 03:04:36.878785+00,1,22,37
668,Amphibian,2914,2017-03-25 03:04:42.94035+00,1,22,50
669,Mammal,2274,2017-03-25 03:04:47.588653+00,1,22,205
670,Mammal,3027,2017-03-25 03:04:53.598104+00,1,22,360
671,Bird,5777,2017-03-25 03:05:02.48793+00,1,22,165
672,Amphibian,11292,2017-03-25 03:05:16.908888+00,1,22,539
673,Bird,3535,2017-03-25 03:06:16.689043+00,1,22,269
674,Mammal,5563,2017-03-25 03:06:25.384347+00,1,22,476
675,Mammal,5521,2017-03-25 03:06:36.202887+00,1,22,306
676,Bird,2182,2017-03-25 03:06:41.14262+00,1,22,299
677,Mammal,3189,2017-03-25 03:06:47.60352+00,1,22,551
678,Mammal,3304,2017-03-25 03:06:53.404485+00,1,22,568
679,Bird,4012,2017-03-25 03:07:00.463828+00,1,22,404
680,Amphibian,3390,2017-03-25 03:07:06.854363+00,1,22,503
681,Bird,3529,2017-03-25 03:07:13.13902+00,1,22,166
682,Mammal,2596,2017-03-25 03:07:18.380047+00,1,22,483
683,Mammal,2095,2017-03-25 03:07:23.754952+00,1,22,572
684,Amphibian,2505,2017-03-25 03:07:29.134912+00,1,22,429
685,Mammal,5242,2017-03-25 03:07:37.857556+00,1,22,471
686,Mammal,4956,2017-03-25 03:07:45.413145+00,1,22,289
687,Bird,16592,2017-03-25 03:08:05.180871+00,1,22,416
688,Mammal,5421,2017-03-25 03:08:13.92249+00,1,22,275
689,Mammal,2490,2017-03-25 03:08:19.22953+00,1,22,57
690,Mammal,2031,2017-03-25 03:08:23.949108+00,1,22,188
691,Reptil,3443,2017-03-25 03:08:30.123224+00,1,22,310
692,Mammal,2239,2017-03-25 03:08:35.79335+00,1,22,454
693,Mammal,4470,2017-03-25 03:08:43.097108+00,1,22,253
694,Bird,3442,2017-03-25 03:08:49.72999+00,1,22,209
695,Bird,7755,2017-03-25 03:09:00.193285+00,1,22,435
696,Bird,2973,2017-03-25 03:09:06.700915+00,1,22,550
697,Bird,6703,2017-03-25 03:09:18.245336+00,1,22,352
698,Mammal,6803,2017-03-25 03:09:28.854541+00,1,22,343
699,Reptil,6067,2017-03-25 03:09:38.042317+00,1,22,349
700,Bird,30779,2017-03-25 03:10:12.242163+00,1,22,300
701,Bird,4432,2017-03-25 16:51:28.054779+00,1,3,443
702,Mammal,4131,2017-03-25 16:53:12.402365+00,1,3,88
703,Mammal,4157,2017-03-25 16:55:17.208418+00,1,3,483
704,Mammal,3695,2017-03-25 16:55:55.065067+00,1,3,565
705,Mammal,4087,2017-03-25 16:58:06.811638+00,1,3,366
706,Mammal,3467,2017-03-25 16:59:18.052154+00,1,3,506
707,Mammal,2593,2017-03-25 16:59:54.247439+00,1,3,144
708,Mammal,2221,2017-03-25 17:00:05.798712+00,1,3,523
709,Mammal,2530,2017-03-25 17:03:39.63775+00,1,3,306
710,Bird,2911,2017-03-25 17:04:30.128247+00,1,3,303
711,Mammal,2300,2017-03-25 17:04:46.52988+00,1,3,101
712,Bird,3363,2017-03-25 17:08:06.80694+00,1,3,300
713,Mammal,2632,2017-03-25 17:08:27.452046+00,1,3,451
714,Bird,2587,2017-03-25 17:08:51.102118+00,1,3,352
715,Bird,2541,2017-03-25 17:09:27.450962+00,1,3,166
716,Reptil,3058,2017-03-25 17:09:32.54577+00,1,3,119
717,Mammal,2482,2017-03-25 17:09:55.718805+00,1,3,230
718,Mammal,3069,2017-03-25 17:10:10.02281+00,1,3,368
719,Mammal,2409,2017-03-25 17:10:14.099037+00,1,3,325
720,Reptil,3951,2017-03-25 17:10:36.549914+00,1,3,305
721,Reptil,2673,2017-03-25 17:12:25.431618+00,1,3,240
722,Bird,3246,2017-03-25 17:12:45.904747+00,1,3,435
723,Bird,1955,2017-03-25 17:13:54.864369+00,1,3,404
724,Mammal,2511,2017-03-25 17:17:41.664617+00,1,3,263
725,Mammal,6484,2017-03-25 17:18:38.578356+00,1,3,453
726,Bird,9654,2017-03-25 17:25:38.348809+00,1,3,329
727,Mammal,8610,2017-03-25 17:31:57.149188+00,1,3,520
728,Mammal,3010,2017-03-25 17:32:19.046946+00,1,3,221
729,Bird,3324,2017-03-25 17:34:31.362117+00,1,3,209
730,Mammal,3240,2017-03-25 17:34:40.808901+00,1,3,378
731,Mammal,36708,2017-03-25 17:35:31.35467+00,1,3,164
732,Mammal,3523,2017-03-25 17:35:56.97396+00,1,3,457
733,Mammal,3107,2017-03-25 17:36:33.348554+00,1,3,205
734,Mammal,1952,2017-03-25 17:37:37.428915+00,1,3,83
735,Mammal,1893,2017-03-25 17:38:05.002873+00,1,3,471
736,Mammal,2873,2017-03-25 17:38:10.304838+00,1,3,219
737,Mammal,2762,2017-03-25 17:40:41.25677+00,1,3,555
738,Mammal,3592,2017-03-25 17:45:56.053299+00,1,3,373
739,Reptil,5756,2017-03-25 17:47:39.040043+00,1,3,349
740,Reptil,59374,2017-03-25 17:49:04.751586+00,1,3,545
741,Mammal,2423,2017-03-25 17:49:29.934185+00,1,3,522
742,Mammal,2616,2017-03-25 17:50:59.134362+00,1,3,308
743,Mammal,3392,2017-03-25 17:51:39.523465+00,1,3,57
744,Mammal,2386,2017-03-25 17:51:49.95418+00,1,3,454
745,Bird,2539,2017-03-25 17:52:39.957074+00,1,3,544
746,Mammal,2505,2017-03-25 17:54:33.957661+00,1,3,188
747,Mammal,2183,2017-03-25 17:54:58.001934+00,1,3,385
748,Mammal,2582,2017-03-25 17:55:06.064305+00,1,3,124
749,Bird,2943,2017-03-25 17:55:23.162934+00,1,3,550
750,Mammal,2892,2017-03-25 17:55:36.856649+00,1,3,327
751,Mammal,3069,2017-03-25 17:55:45.805545+00,1,3,494
752,Mammal,2693,2017-03-25 17:55:58.193163+00,1,3,139
753,Bird,5012,2017-03-25 17:56:37.112817+00,1,3,262
754,Mammal,3343,2017-03-25 17:56:46.566153+00,1,3,430
755,Reptil,10023,2017-03-25 17:56:59.034205+00,1,3,254
756,Bird,2387,2017-03-25 17:57:03.953075+00,1,3,2
757,Mammal,3173,2017-03-25 17:57:09.390293+00,1,3,388
759,Reptil,2535,2017-03-25 17:57:19.284188+00,1,3,470
760,Bird,1823,2017-03-25 17:57:23.367822+00,1,3,354
762,Mammal,1730,2017-03-25 17:57:32.095458+00,1,3,183
767,Mammal,1489,2017-03-25 17:57:55.899085+00,1,3,161
768,Mammal,3308,2017-03-25 17:58:01.676953+00,1,3,321
770,Bird,1733,2017-03-25 17:58:10.06674+00,1,3,95
772,Amphibian,4214,2017-03-25 17:58:21.098726+00,1,3,503
758,Bird,2543,2017-03-25 17:57:14.422089+00,1,3,409
761,Amphibian,2301,2017-03-25 17:57:28.031689+00,1,3,115
763,Amphibian,2821,2017-03-25 17:57:37.344377+00,1,3,425
764,Bird,1542,2017-03-25 17:57:42.313253+00,1,3,326
765,Mammal,1900,2017-03-25 17:57:46.723951+00,1,3,147
766,Mammal,2451,2017-03-25 17:57:51.795045+00,1,3,12
769,Mammal,1933,2017-03-25 17:58:05.976514+00,1,3,419
771,Mammal,1954,2017-03-25 17:58:14.640329+00,1,3,342
773,Mammal,1651,2017-03-25 17:58:25.100789+00,1,3,178
774,Amphibian,1760,2017-03-25 17:58:29.200133+00,1,3,429
775,Mammal,2169,2017-03-25 17:58:33.622799+00,1,3,551
776,Mammal,2840,2017-03-25 17:58:38.845649+00,1,3,37
777,Mammal,3416,2017-03-25 17:58:45.126445+00,1,3,332
778,Mammal,4887,2017-03-25 17:58:52.377965+00,1,3,572
779,Mammal,4311,2017-03-25 17:58:59.022527+00,1,3,407
780,Bird,4577,2017-03-25 17:59:06.057623+00,1,3,288
781,Mammal,2265,2017-03-25 17:59:10.657143+00,1,3,225
782,Bird,5048,2017-03-25 17:59:18.206204+00,1,3,324
783,Mammal,6561,2017-03-25 17:59:27.323034+00,1,3,278
784,Mammal,6443,2017-03-25 17:59:36.203133+00,1,3,253
785,Reptil,4063,2017-03-25 17:59:43.118716+00,1,3,70
786,Reptil,2207,2017-03-25 17:59:48.142337+00,1,3,459
787,Mammal,1664,2017-03-25 17:59:52.230239+00,1,3,525
788,Bird,1922,2017-03-25 17:59:56.54625+00,1,3,416
789,Amphibian,1503,2017-03-25 18:00:00.459479+00,1,3,543
790,Mammal,3817,2017-03-25 18:00:06.95337+00,1,3,417
791,Bird,1629,2017-03-25 18:00:11.34859+00,1,3,165
792,Mammal,1414,2017-03-25 18:00:15.564084+00,1,3,275
793,Amphibian,3423,2017-03-25 18:00:21.295769+00,1,3,539
794,Mammal,1897,2017-03-25 18:00:26.295834+00,1,3,476
795,Mammal,2223,2017-03-25 18:00:32.033117+00,1,3,568
796,Mammal,1159,2017-03-25 18:00:36.874637+00,1,3,94
797,Mammal,1759,2017-03-25 18:00:42.643669+00,1,3,123
798,Bird,2408,2017-03-25 18:00:49.134791+00,1,3,191
799,Reptil,3235,2017-03-25 18:00:55.322436+00,1,3,310
800,Bird,1513,2017-03-25 18:01:00.253409+00,1,3,356
801,Mammal,1339,2017-03-25 18:01:05.080808+00,1,3,301
802,Mammal,1290,2017-03-25 18:01:09.399761+00,1,3,208
803,Bird,2180,2017-03-25 18:01:14.851356+00,1,3,527
804,Mammal,1471,2017-03-25 18:01:19.192523+00,1,3,531
805,Bird,8256,2017-03-25 18:01:30.424908+00,1,3,299
806,Mammal,6638,2017-03-25 18:01:40.127112+00,1,3,402
807,Bird,9137,2017-03-25 18:22:49.082163+00,1,10,269
808,Mammal,27279,2017-03-25 18:23:54.092549+00,1,10,83
809,Reptil,22243,2017-03-25 18:31:13.374068+00,1,10,70
810,Mammal,6600,2017-03-25 18:32:59.344589+00,1,10,308
811,Bird,3061,2017-03-25 18:36:49.874652+00,1,10,435
812,Amphibian,5120,2017-03-25 18:49:43.197357+00,1,10,429
813,Bird,5288,2017-03-25 18:56:24.121981+00,1,10,416
814,Mammal,4692,2017-03-25 19:01:07.087238+00,1,10,332
815,Mammal,3187,2017-03-25 19:03:00.607461+00,1,10,457
816,Bird,3635,2017-03-25 20:12:47.158827+00,1,10,303
817,Mammal,3679,2017-03-25 20:13:15.690714+00,1,10,551
818,Reptil,19033,2017-03-25 20:14:09.341668+00,1,10,254
819,Bird,4040,2017-03-25 20:14:20.991174+00,1,10,527
820,Bird,3090,2017-03-25 20:15:58.646108+00,1,10,277
821,Mammal,3624,2017-03-25 20:16:03.953723+00,1,10,37
822,Bird,3471,2017-03-25 20:18:06.158398+00,1,10,207
823,Mammal,9301,2017-03-25 20:18:17.116496+00,1,10,453
824,Mammal,4190,2017-03-25 20:19:56.997924+00,1,10,301
825,Bird,3346,2017-03-25 20:20:02.101988+00,1,10,262
826,Mammal,5401,2017-03-25 20:20:12.972574+00,1,10,378
827,Mammal,3914,2017-03-25 20:23:48.926524+00,1,10,325
828,Reptil,14156,2017-03-25 20:24:13.659204+00,1,10,119
829,Mammal,4001,2017-03-25 20:24:54.128468+00,1,10,208
830,Amphibian,12014,2017-03-25 20:26:37.986704+00,1,26,221
831,Mammal,3452,2017-03-25 20:31:13.358375+00,1,26,183
832,Bird,1854,2017-03-25 20:31:16.592568+00,1,19,527
833,Amphibian,8290,2017-03-25 20:31:43.644222+00,1,26,50
834,Mammal,2058,2017-03-25 20:32:08.678877+00,1,19,572
835,Bird,5429,2017-03-25 20:33:37.60138+00,1,26,207
836,Mammal,3305,2017-03-25 20:34:16.95756+00,1,19,366
837,Mammal,2502,2017-03-25 20:39:07.789506+00,1,19,360
838,Amphibian,8243,2017-03-25 20:39:15.803591+00,1,10,157
839,Bird,4393,2017-03-25 20:39:26.61748+00,1,10,288
840,Mammal,13367,2017-03-25 20:41:00.77756+00,1,10,520
841,Mammal,8421,2017-03-25 20:41:20.209571+00,1,10,506
842,Mammal,2515,2017-03-25 20:41:24.765847+00,1,10,531
843,Amphibian,30032,2017-03-25 20:41:34.48996+00,1,26,94
844,Bird,2819,2017-03-25 20:41:38.94205+00,1,26,262
845,Amphibian,22304,2017-03-25 20:42:04.103081+00,1,26,275
846,Bird,3426,2017-03-25 20:42:29.722453+00,1,19,277
847,Mammal,6499,2017-03-25 20:42:31.164508+00,1,10,522
848,Amphibian,3563,2017-03-25 20:42:53.612843+00,1,26,402
849,Mammal,2583,2017-03-25 20:44:24.752736+00,1,19,94
850,Mammal,7618,2017-03-25 20:46:50.447527+00,1,10,419
851,Bird,12598,2017-03-25 20:46:52.321167+00,1,26,269
852,Amphibian,7523,2017-03-25 20:47:14.699398+00,1,26,430
853,Amphibian,3196,2017-03-25 20:47:30.780339+00,1,26,157
854,Bird,7367,2017-03-25 20:48:00.792192+00,1,10,300
855,Mammal,4358,2017-03-25 20:48:51.082281+00,1,10,225
856,Bird,3491,2017-03-25 20:49:02.152604+00,1,10,299
857,Amphibian,4283,2017-03-25 20:50:58.740631+00,1,10,543
858,Amphibian,7915,2017-03-25 20:52:53.747592+00,1,26,506
859,Mammal,4052,2017-03-25 20:52:56.669008+00,1,19,494
860,Amphibian,12562,2017-03-25 20:53:15.319061+00,1,26,344
861,Amphibian,3691,2017-03-25 20:56:03.694311+00,1,26,459
862,Amphibian,5260,2017-03-25 20:57:57.814628+00,1,26,147
863,Bird,6304,2017-03-25 20:58:58.392791+00,1,10,356
864,Amphibian,15232,2017-03-25 20:59:57.205736+00,1,26,454
865,Bird,8616,2017-03-25 21:00:44.452149+00,1,10,95
866,Bird,7975,2017-03-25 21:02:40.303323+00,1,10,443
867,Bird,5807,2017-03-25 21:03:07.906297+00,1,10,2
868,Amphibian,2228,2017-03-25 21:07:07.34556+00,1,26,219
869,Amphibian,2480,2017-03-25 21:09:58.302862+00,1,26,325
870,Amphibian,2250,2017-03-25 21:11:09.837255+00,1,26,57
871,Amphibian,3984,2017-03-25 21:12:01.641161+00,1,26,425
872,Mammal,2178,2017-03-25 21:12:22.422615+00,1,10,139
873,Amphibian,2506,2017-03-25 21:12:29.179855+00,1,26,342
874,Bird,2701,2017-03-25 21:14:56.726273+00,1,16,2
875,Bird,5560,2017-03-25 21:15:39.615871+00,1,16,324
876,Mammal,3637,2017-03-25 21:15:50.314568+00,1,16,124
877,Amphibian,4105,2017-03-25 21:16:27.055187+00,1,10,115
878,Amphibian,13150,2017-03-25 21:17:12.28491+00,1,26,178
879,Amphibian,8041,2017-03-25 21:19:10.762499+00,1,26,531
880,Amphibian,5463,2017-03-25 21:19:18.680262+00,1,26,343
881,Mammal,6044,2017-03-25 21:24:34.092367+00,1,10,451
882,Reptil,8131,2017-03-25 21:25:26.171575+00,1,10,545
883,Mammal,3661,2017-03-25 21:25:26.312788+00,1,16,332
884,Mammal,4213,2017-03-25 21:26:03.914895+00,1,10,306
885,Mammal,2711,2017-03-25 21:26:46.56477+00,1,10,123
886,Mammal,3670,2017-03-25 21:28:36.266353+00,1,16,164
887,Bird,3399,2017-03-25 21:28:52.785108+00,1,16,404
888,Bird,2894,2017-03-25 21:29:19.312125+00,1,16,269
889,Mammal,2639,2017-03-25 21:30:03.357703+00,1,16,565
890,Bird,2618,2017-03-25 21:30:32.496517+00,1,16,303
891,Reptil,4226,2017-03-25 21:31:07.518818+00,1,16,119
892,Bird,2360,2017-03-25 21:31:56.555193+00,1,16,326
893,Mammal,3333,2017-03-25 21:34:17.793798+00,1,16,68
894,Mammal,4535,2017-03-25 21:37:25.194309+00,1,16,301
895,Mammal,4026,2017-03-25 21:37:49.573211+00,1,16,454
896,Amphibian,3894,2017-03-25 21:39:10.276553+00,1,16,50
897,Mammal,2199,2017-03-25 21:39:23.704279+00,1,16,183
898,Mammal,3913,2017-03-25 21:41:06.324252+00,1,16,430
899,Mammal,3294,2017-03-25 21:41:51.259506+00,1,16,327
900,Mammal,2949,2017-03-25 21:42:36.919302+00,1,16,407
901,Amphibian,4083,2017-03-25 21:43:14.970693+00,1,16,503
902,Mammal,3456,2017-03-25 21:43:41.355523+00,1,16,57
903,Mammal,2477,2017-03-25 21:45:37.682888+00,1,16,188
904,Mammal,4593,2017-03-25 22:32:22.191652+00,1,7,124
905,Mammal,10039,2017-03-25 22:33:05.54122+00,1,7,88
906,Reptil,4333,2017-03-25 22:37:58.302492+00,1,7,305
907,Bird,5640,2017-03-25 22:44:52.963717+00,1,27,326
908,Mammal,13690,2017-03-25 22:45:31.275672+00,1,27,205
909,Mammal,2486,2017-03-25 22:49:36.870464+00,1,7,144
910,Amphibian,11424,2017-03-25 22:50:59.516057+00,1,7,539
911,Mammal,7434,2017-03-25 22:53:35.0633+00,1,7,178
912,Reptil,7365,2017-03-25 22:56:04.992403+00,1,7,344
913,Mammal,3239,2017-03-25 22:56:36.67092+00,1,17,407
914,Mammal,4288,2017-03-25 22:57:00.530811+00,1,7,572
915,Mammal,3047,2017-03-25 22:57:06.521947+00,1,7,407
916,Bird,13762,2017-03-25 22:57:23.411671+00,1,7,303
917,Mammal,4475,2017-03-25 22:58:36.310835+00,1,17,520
918,Bird,2671,2017-03-25 22:59:15.138629+00,1,17,354
919,Bird,2850,2017-03-25 22:59:39.507624+00,1,17,550
920,Reptil,2436,2017-03-25 22:59:54.159133+00,1,17,545
921,Mammal,2529,2017-03-25 23:00:23.752954+00,1,7,289
922,Mammal,3213,2017-03-25 23:03:40.217277+00,1,7,343
923,Mammal,2999,2017-03-25 23:05:10.351572+00,1,7,306
924,Bird,2620,2017-03-25 23:05:28.724149+00,1,7,299
925,Bird,15066,2017-03-25 23:05:56.848216+00,1,7,166
926,Mammal,3983,2017-03-25 23:06:30.961911+00,1,7,301
927,Bird,8865,2017-03-25 23:06:44.669334+00,1,7,352
928,Mammal,3002,2017-03-25 23:07:42.271024+00,1,7,259
929,Mammal,7137,2017-03-25 23:09:03.54244+00,1,7,327
930,Mammal,8610,2017-03-25 23:10:20.632704+00,1,7,483
931,Mammal,11213,2017-03-25 23:12:16.458558+00,1,7,368
932,Mammal,2380,2017-03-25 23:12:42.901783+00,1,7,83
933,Reptil,3823,2017-03-25 23:12:50.141983+00,1,7,240
934,Mammal,2797,2017-03-25 23:12:55.722133+00,1,7,221
935,Mammal,3311,2017-03-25 23:13:01.8669+00,1,7,342
936,Mammal,1954,2017-03-25 23:13:06.783251+00,1,7,208
937,Bird,12313,2017-03-25 23:13:22.241781+00,1,7,404
938,Mammal,3620,2017-03-25 23:13:29.968498+00,1,7,57
939,Mammal,5273,2017-03-25 23:13:38.464153+00,1,7,37
940,Bird,9084,2017-03-25 23:13:51.277364+00,1,7,324
941,Mammal,10901,2017-03-25 23:14:05.609207+00,1,7,522
942,Reptil,15510,2017-03-25 23:14:24.556885+00,1,7,349
943,Bird,3337,2017-03-25 23:14:30.764638+00,1,7,95
944,Bird,39086,2017-03-25 23:15:13.409762+00,1,7,191
945,Bird,7771,2017-03-25 23:15:24.662163+00,1,7,300
946,Bird,55905,2017-03-25 23:16:25.70328+00,1,7,527
947,Mammal,6107,2017-03-25 23:16:49.76959+00,1,7,205
948,Mammal,7407,2017-03-25 23:17:00.607194+00,1,7,219
949,Reptil,2961,2017-03-25 23:17:06.090372+00,1,7,254
950,Bird,2666,2017-03-25 23:17:11.479089+00,1,7,416
951,Mammal,8075,2017-03-25 23:17:22.339425+00,1,7,275
952,Bird,4775,2017-03-25 23:17:30.159058+00,1,7,356
953,Mammal,3016,2017-03-25 23:17:35.812534+00,1,7,253
954,Mammal,6951,2017-03-25 23:17:45.803028+00,1,7,321
955,Bird,3404,2017-03-25 23:17:52.45994+00,1,7,288
956,Mammal,4760,2017-03-25 23:18:00.31485+00,1,7,244
957,Reptil,3066,2017-03-25 23:18:06.055463+00,1,7,70
958,Mammal,2567,2017-03-25 23:18:12.270498+00,1,7,68
959,Amphibian,11230,2017-03-25 23:18:27.062199+00,1,7,503
960,Bird,4575,2017-03-25 23:18:38.413179+00,1,7,207
961,Mammal,3767,2017-03-25 23:18:45.45354+00,1,7,402
962,Mammal,3054,2017-03-25 23:18:51.834615+00,1,7,278
963,Reptil,2350,2017-03-25 23:18:56.875281+00,1,7,459
964,Mammal,20396,2017-03-25 23:19:20.292379+00,1,7,430
965,Reptil,7552,2017-03-25 23:19:32.171348+00,1,7,119
966,Mammal,2666,2017-03-25 23:19:38.001542+00,1,7,565
967,Mammal,2581,2017-03-25 23:19:43.068503+00,1,7,366
968,Bird,1931,2017-03-25 23:19:47.943003+00,1,7,2
969,Mammal,3108,2017-03-25 23:19:53.913847+00,1,7,225
970,Mammal,5546,2017-03-25 23:20:02.514672+00,1,7,440
971,Mammal,7423,2017-03-25 23:20:13.35046+00,1,7,385
972,Bird,5476,2017-03-25 23:20:21.824899+00,1,7,262
973,Bird,5691,2017-03-25 23:20:30.53326+00,1,7,354
974,Mammal,17794,2017-03-25 23:20:52.241391+00,1,7,139
975,Mammal,4806,2017-03-25 23:21:00.133896+00,1,7,494
976,Mammal,38694,2017-03-25 23:21:41.905721+00,1,7,360
977,Mammal,12342,2017-03-25 23:21:57.280455+00,1,7,230
978,Amphibian,3909,2017-03-25 23:22:04.480195+00,1,7,157
979,Reptil,2619,2017-03-25 23:22:10.385283+00,1,7,310
980,Mammal,4462,2017-03-25 23:22:17.471158+00,1,7,388
981,Mammal,26663,2017-03-25 23:22:47.242228+00,1,7,378
982,Mammal,7571,2017-03-25 23:22:57.326681+00,1,7,551
983,Mammal,2341,2017-03-25 23:23:02.446566+00,1,7,164
984,Mammal,2727,2017-03-25 23:23:07.907423+00,1,7,373
985,Amphibian,4633,2017-03-25 23:23:14.957728+00,1,7,429
986,Reptil,6828,2017-03-25 23:23:24.681549+00,1,7,470
987,Mammal,16268,2017-03-25 23:23:44.072429+00,1,7,94
988,Mammal,3442,2017-03-25 23:23:50.711036+00,1,7,332
989,Bird,4884,2017-03-26 01:03:57.69605+00,1,11,262
990,Mammal,5452,2017-03-26 01:04:36.816897+00,1,11,225
991,Mammal,2470,2017-03-26 01:04:45.050764+00,1,11,139
992,Mammal,2914,2017-03-26 01:05:26.072808+00,1,11,373
993,Mammal,2670,2017-03-26 01:06:37.816457+00,1,11,68
994,Mammal,6171,2017-03-26 01:07:35.730398+00,1,11,368
995,Mammal,4427,2017-03-26 01:08:08.354159+00,1,11,342
996,Reptil,14206,2017-03-26 01:08:37.035588+00,1,11,349
997,Amphibian,8625,2017-03-26 01:08:47.887111+00,1,11,539
998,Mammal,4763,2017-03-26 01:09:16.413481+00,1,11,57
999,Mammal,2165,2017-03-26 01:10:20.987119+00,1,11,378
1000,Bird,3816,2017-03-26 01:10:54.406594+00,1,11,329
1001,Mammal,3813,2017-03-26 01:11:18.819192+00,1,11,301
1002,Amphibian,4159,2017-03-26 01:11:48.614571+00,1,11,503
1003,Mammal,4811,2017-03-26 01:12:16.085852+00,1,11,555
1004,Mammal,3625,2017-03-26 01:12:22.217727+00,1,11,253
1005,Mammal,1930,2017-03-26 01:12:26.416709+00,1,11,178
1006,Mammal,4401,2017-03-26 01:12:33.489452+00,1,11,306
1007,Mammal,4073,2017-03-26 01:12:40.263007+00,1,11,208
1008,Mammal,3165,2017-03-26 01:12:45.937486+00,1,11,321
1009,Mammal,2833,2017-03-26 01:12:51.477693+00,1,11,430
1010,Mammal,3326,2017-03-26 01:12:57.414127+00,1,11,568
1011,Mammal,4710,2017-03-26 01:13:04.485398+00,1,11,12
1012,Mammal,3972,2017-03-26 01:13:11.590541+00,1,11,451
1013,Mammal,3870,2017-03-26 01:13:17.846713+00,1,11,366
1014,Amphibian,4334,2017-03-26 01:13:24.668348+00,1,11,429
1015,Bird,2837,2017-03-26 01:13:30.499228+00,1,11,165
1016,Mammal,2493,2017-03-26 01:13:35.383346+00,1,11,37
1017,Mammal,2480,2017-03-26 01:13:40.558987+00,1,11,263
1018,Mammal,2127,2017-03-26 01:13:45.167791+00,1,11,161
1019,Mammal,3000,2017-03-26 01:13:51.082175+00,1,11,332
1020,Mammal,3566,2017-03-26 01:13:57.292965+00,1,11,531
1021,Bird,2998,2017-03-26 01:14:02.738633+00,1,11,435
1022,Bird,2557,2017-03-26 01:14:07.697747+00,1,11,300
1023,Bird,1973,2017-03-26 01:14:12.44809+00,1,11,2
1024,Reptil,3313,2017-03-26 01:14:18.452782+00,1,11,470
1025,Bird,3518,2017-03-26 01:14:24.340542+00,1,11,404
1026,Mammal,3490,2017-03-26 01:14:32.482543+00,1,11,83
1027,Bird,2826,2017-03-26 01:14:37.801016+00,1,11,326
1028,Reptil,5992,2017-03-26 01:14:46.298792+00,1,11,240
1029,Bird,4256,2017-03-26 01:14:53.305318+00,1,11,352
1030,Bird,5329,2017-03-26 01:15:01.216215+00,1,11,356
1031,Bird,4062,2017-03-26 01:15:07.792395+00,1,11,209
1032,Bird,3089,2017-03-26 01:15:13.40258+00,1,11,288
1033,Mammal,4850,2017-03-26 01:15:21.343611+00,1,11,385
1034,Reptil,5865,2017-03-26 01:15:29.547122+00,1,11,254
1035,Reptil,3800,2017-03-26 01:15:35.801576+00,1,11,70
1036,Mammal,2939,2017-03-26 01:15:41.719786+00,1,11,244
1037,Bird,3831,2017-03-26 01:15:50.0323+00,1,11,416
1038,Mammal,5861,2017-03-26 01:15:58.386495+00,1,11,101
1039,Mammal,4568,2017-03-26 01:16:05.484416+00,1,11,259
1040,Mammal,2262,2017-03-26 01:16:10.543374+00,1,11,419
1041,Mammal,4042,2017-03-26 01:16:17.127462+00,1,11,551
1042,Mammal,2599,2017-03-26 01:16:22.176358+00,1,11,522
1043,Mammal,2999,2017-03-26 01:16:27.681719+00,1,11,476
1044,Mammal,3586,2017-03-26 01:16:34.079376+00,1,11,164
1045,Bird,2798,2017-03-26 01:16:39.462635+00,1,11,409
1046,Mammal,6256,2017-03-26 01:16:48.442108+00,1,11,205
1047,Mammal,3744,2017-03-26 01:16:55.242626+00,1,11,360
1048,Mammal,1620,2017-03-26 01:16:59.634528+00,1,11,525
1049,Mammal,2004,2017-03-26 01:17:04.181486+00,1,11,506
1050,Amphibian,2847,2017-03-26 01:17:10.482776+00,1,11,50
1051,Mammal,2108,2017-03-26 01:17:15.359175+00,1,11,523
1052,Amphibian,2914,2017-03-26 01:17:21.081328+00,1,11,115
1053,Bird,2265,2017-03-26 01:17:25.867486+00,1,11,299
1054,Mammal,5204,2017-03-26 01:17:35.095787+00,1,11,308
1055,Bird,2979,2017-03-26 01:17:41.453463+00,1,11,277
1056,Bird,2966,2017-03-26 01:17:47.092764+00,1,11,544
1057,Mammal,2500,2017-03-26 01:17:52.260245+00,1,11,278
1058,Mammal,2622,2017-03-26 01:17:57.718635+00,1,11,454
1059,Mammal,3903,2017-03-26 01:18:04.269476+00,1,11,388
1060,Mammal,2984,2017-03-26 01:18:10.427488+00,1,11,183
1061,Mammal,2491,2017-03-26 15:54:45.244965+00,1,19,147
1062,Mammal,2395,2017-03-26 15:55:51.799145+00,1,19,565
1063,Bird,2090,2017-03-26 15:56:27.771638+00,1,19,95
1064,Bird,2142,2017-03-26 15:57:11.76051+00,1,19,326
1065,Mammal,1832,2017-03-26 15:57:21.25592+00,1,19,123
1066,Mammal,1999,2017-03-26 15:57:28.770634+00,1,19,342
1067,Mammal,2471,2017-03-26 15:58:32.18591+00,1,19,88
1068,Mammal,2045,2017-03-26 15:59:00.45653+00,1,19,551
1069,Amphibian,2909,2017-03-26 15:59:13.524577+00,1,19,429
1070,Bird,2576,2017-03-26 15:59:54.315617+00,1,19,2
1071,Mammal,1819,2017-03-26 16:00:01.959103+00,1,19,483
1072,Bird,4114,2017-03-26 19:26:50.59342+00,1,10,550
1073,Mammal,4186,2017-03-26 19:26:57.316462+00,1,10,259
1074,Mammal,4340,2017-03-26 19:27:18.16889+00,1,10,183
1075,Mammal,3768,2017-03-26 19:28:15.315729+00,1,10,327
1076,Bird,3947,2017-03-26 19:28:38.287035+00,1,10,354
1077,Mammal,3622,2017-03-26 19:29:04.295644+00,1,10,275
1078,Mammal,2869,2017-03-26 19:29:10.960993+00,1,10,343
1079,Mammal,8652,2017-03-26 19:29:27.070604+00,1,10,88
1080,Mammal,4419,2017-03-26 19:29:38.767176+00,1,10,188
1081,Reptil,4130,2017-03-26 19:29:59.274142+00,1,10,349
1082,Bird,5370,2017-03-26 19:30:50.025496+00,1,10,404
1083,Mammal,2729,2017-03-26 19:33:15.257265+00,1,10,572
1084,Mammal,2116,2017-03-26 19:33:37.020108+00,1,10,483
1085,Mammal,3000,2017-03-26 19:34:43.104998+00,1,10,164
1086,Mammal,2025,2017-03-26 19:35:10.854184+00,1,10,525
1087,Bird,2700,2017-03-26 19:35:32.191976+00,1,10,329
1088,Mammal,2646,2017-03-26 19:35:55.372163+00,1,10,289
1089,Bird,2942,2017-03-26 19:37:11.712805+00,1,10,166
1090,Mammal,2755,2017-03-26 19:37:17.363059+00,1,10,494
1091,Mammal,2987,2017-03-26 20:18:50.468603+00,1,10,57
1092,Mammal,2001,2017-03-26 20:19:04.2113+00,1,10,178
1093,Mammal,3047,2017-03-26 20:20:55.796434+00,1,10,68
1094,Mammal,4427,2017-03-26 20:21:02.970235+00,1,10,407
1095,Mammal,2740,2017-03-26 20:21:12.707343+00,1,10,12
1096,Bird,2751,2017-03-26 20:21:22.528334+00,1,10,544
1097,Reptil,2963,2017-03-26 20:22:01.17209+00,1,10,344
1098,Mammal,2201,2017-03-26 20:22:23.693553+00,1,10,454
1099,Mammal,3289,2017-03-26 20:23:40.777855+00,1,10,94
1100,Mammal,2815,2017-03-26 20:24:06.504411+00,1,10,321
1101,Bird,2318,2017-03-26 20:24:51.631586+00,1,10,165
1106,Amphibian,3897,2017-03-26 20:26:22.055167+00,1,10,50
1108,Amphibian,2813,2017-03-26 20:26:33.983644+00,1,10,539
1102,Mammal,3528,2017-03-26 20:25:03.404406+00,1,10,147
1103,Bird,2474,2017-03-26 20:25:37.44968+00,1,10,209
1104,Bird,2867,2017-03-26 20:25:55.987498+00,1,10,324
1105,Mammal,1930,2017-03-26 20:26:15.172455+00,1,10,368
1107,Mammal,2372,2017-03-26 20:26:27.643983+00,1,10,373
1109,Mammal,3075,2017-03-26 20:26:39.775109+00,1,10,144
1110,Mammal,2733,2017-03-26 20:26:55.929913+00,1,10,385
1111,Mammal,2623,2017-03-26 20:27:01.609573+00,1,10,366
1112,Reptil,2626,2017-03-26 20:27:06.789049+00,1,10,310
1113,Mammal,2152,2017-03-26 20:27:11.658136+00,1,10,402
1114,Bird,3093,2017-03-26 20:27:17.338694+00,1,10,191
1115,Mammal,2871,2017-03-26 20:27:22.916496+00,1,10,161
1116,Mammal,2739,2017-03-26 20:27:28.136205+00,1,10,388
1117,Mammal,3298,2017-03-26 20:27:34.596797+00,1,10,417
1118,Reptil,2892,2017-03-26 20:27:40.456261+00,1,10,305
1119,Reptil,2387,2017-03-26 20:27:46.433012+00,1,10,240
1120,Bird,2663,2017-03-26 20:27:52.902316+00,1,10,352
1121,Reptil,4311,2017-03-26 20:27:59.575728+00,1,10,459
1122,Mammal,2512,2017-03-26 20:28:05.379123+00,1,10,278
1123,Mammal,1839,2017-03-26 20:28:10.559787+00,1,10,219
1124,Mammal,1897,2017-03-26 20:28:14.646316+00,1,10,565
1125,Mammal,2537,2017-03-26 20:28:19.632783+00,1,10,221
1126,Bird,1740,2017-03-26 20:28:23.739248+00,1,10,326
1127,Mammal,2784,2017-03-26 20:28:29.178291+00,1,10,253
1128,Mammal,3356,2017-03-26 20:28:35.714238+00,1,10,471
1129,Mammal,2008,2017-03-26 20:28:41.861272+00,1,10,230
1130,Mammal,2007,2017-03-26 20:28:46.676785+00,1,10,205
1131,Mammal,1729,2017-03-26 20:28:51.484328+00,1,10,360
1132,Mammal,2126,2017-03-26 20:28:56.236866+00,1,10,523
1133,Mammal,4876,2017-03-26 20:29:03.705197+00,1,10,568
1134,Bird,2468,2017-03-26 20:29:09.649884+00,1,10,409
1135,Mammal,2292,2017-03-26 20:29:14.740991+00,1,10,476
1136,Mammal,1565,2017-03-26 20:29:19.443112+00,1,10,101
1137,Mammal,2335,2017-03-26 20:29:24.558764+00,1,10,263
1138,Mammal,1656,2017-03-26 20:29:29.065249+00,1,10,430
1139,Mammal,986,2017-03-26 20:29:32.501836+00,1,10,342
1140,Mammal,1366,2017-03-26 20:29:37.078738+00,1,10,244
1141,Mammal,1390,2017-03-26 20:29:41.3449+00,1,10,440
1142,Mammal,1854,2017-03-26 20:29:46.619713+00,1,10,555
1143,Mammal,2790,2017-03-26 20:38:04.557332+00,1,19,306
1144,Bird,2740,2017-03-26 20:39:55.417732+00,1,19,191
1145,Bird,2515,2017-03-26 20:41:31.85457+00,1,19,443
1146,Mammal,2746,2017-03-26 20:42:15.623158+00,1,19,453
1147,Mammal,2776,2017-03-26 20:43:37.201224+00,1,19,332
1148,Reptil,3035,2017-03-26 20:43:49.740068+00,1,19,545
1149,Reptil,4163,2017-03-26 20:44:28.058693+00,1,19,254
1150,Bird,2931,2017-03-26 20:45:38.54572+00,1,19,544
1151,Mammal,2478,2017-03-26 20:46:11.585988+00,1,19,520
1152,Mammal,2355,2017-03-26 20:48:09.977592+00,1,19,525
1153,Mammal,2472,2017-03-26 20:48:34.504304+00,1,19,568
1154,Amphibian,4282,2017-03-26 20:49:43.121657+00,1,19,50
1155,Mammal,2262,2017-03-26 20:50:47.033234+00,1,19,57
1156,Bird,2679,2017-03-26 20:52:59.913896+00,1,19,352
1157,Amphibian,3060,2017-03-26 20:53:45.428849+00,1,19,539
1158,Bird,2502,2017-03-26 20:54:07.136236+00,1,19,324
1159,Mammal,2180,2017-03-26 20:54:29.120239+00,1,19,124
1160,Mammal,2503,2017-03-26 20:54:52.003997+00,1,19,244
1161,Bird,2312,2017-03-26 20:55:00.392813+00,1,19,356
1162,Bird,2887,2017-03-26 20:56:28.273057+00,1,19,262
1163,Mammal,2429,2017-03-26 20:56:37.143497+00,1,19,259
1164,Mammal,4684,2017-03-26 20:57:51.644675+00,1,19,221
1165,Reptil,3512,2017-03-26 20:58:36.27769+00,1,19,459
1166,Mammal,2305,2017-03-26 20:59:44.739642+00,1,19,321
1167,Bird,2153,2017-03-26 20:59:57.128202+00,1,19,550
1168,Bird,2604,2017-03-26 21:00:38.856616+00,1,19,435
1169,Amphibian,2751,2017-03-26 21:01:28.573787+00,1,19,543
1170,Bird,2401,2017-03-26 21:02:34.122077+00,1,19,269
1171,Mammal,4375,2017-03-26 21:02:41.099267+00,1,19,278
1172,Mammal,2239,2017-03-26 21:03:28.725826+00,1,19,301
1173,Reptil,4147,2017-03-26 21:03:45.748286+00,1,19,119
1174,Mammal,2433,2017-03-26 21:04:15.280294+00,1,19,101
1175,Bird,2774,2017-03-26 21:04:23.685656+00,1,19,207
1176,Mammal,2581,2017-03-26 21:05:38.833741+00,1,19,225
1177,Bird,2247,2017-03-26 21:05:44.071246+00,1,19,404
1178,Mammal,2713,2017-03-26 21:05:50.745585+00,1,19,68
1179,Mammal,2144,2017-03-26 21:06:03.636726+00,1,19,188
1180,Mammal,2347,2017-03-26 21:06:12.803326+00,1,19,368
1181,Mammal,2737,2017-03-26 21:06:28.002358+00,1,19,37
1182,Reptil,2817,2017-03-26 21:06:33.966601+00,1,19,305
1183,Amphibian,4543,2017-03-26 21:06:41.21388+00,1,19,157
1184,Mammal,2390,2017-03-26 21:06:47.334193+00,1,19,263
1185,Bird,2387,2017-03-26 21:06:53.02133+00,1,19,288
1186,Reptil,2675,2017-03-26 21:06:58.374239+00,1,19,344
1187,Bird,1836,2017-03-26 21:07:02.880009+00,1,19,165
1188,Amphibian,2804,2017-03-26 21:07:09.122811+00,1,19,115
1189,Mammal,2883,2017-03-26 21:07:15.022489+00,1,19,419
1190,Mammal,2026,2017-03-26 21:07:20.148066+00,1,19,230
1191,Mammal,1965,2017-03-26 21:07:25.429862+00,1,19,161
1192,Mammal,1956,2017-03-26 21:07:30.450096+00,1,19,275
1193,Mammal,1816,2017-03-26 21:07:34.891011+00,1,19,454
1194,Mammal,1532,2017-03-26 21:07:38.87934+00,1,19,144
1195,Mammal,1982,2017-03-26 21:07:43.28784+00,1,19,373
1196,Mammal,5396,2017-03-26 21:07:51.252717+00,1,19,407
1197,Mammal,1808,2017-03-26 21:07:56.275819+00,1,19,289
1201,Mammal,1564,2017-03-26 21:08:15.702641+00,1,19,378
1203,Bird,1463,2017-03-26 21:08:27.075815+00,1,19,299
1206,Bird,2186,2017-03-26 21:08:42.547725+00,1,19,166
1207,Mammal,1780,2017-03-26 21:08:46.429383+00,1,19,139
1209,Mammal,2254,2017-03-26 21:08:55.954243+00,1,19,208
1212,Mammal,1806,2017-03-26 21:09:09.342194+00,1,19,555
1213,Mammal,1700,2017-03-26 21:09:13.678997+00,1,19,12
1215,Mammal,1749,2017-03-26 21:09:23.455744+00,1,19,506
1219,Mammal,2330,2017-03-26 21:09:55.235977+00,1,19,457
1225,Mammal,3366,2017-03-26 21:10:28.323088+00,1,19,253
1227,Mammal,1990,2017-03-26 21:10:38.791277+00,1,19,325
1198,Mammal,2243,2017-03-26 21:08:00.929939+00,1,19,440
1199,Bird,1656,2017-03-26 21:08:04.92803+00,1,19,303
1200,Reptil,3833,2017-03-26 21:08:11.770438+00,1,19,349
1202,Mammal,3225,2017-03-26 21:08:22.565679+00,1,19,164
1204,Mammal,1688,2017-03-26 21:08:32.489737+00,1,19,522
1205,Reptil,1547,2017-03-26 21:08:36.738287+00,1,19,240
1208,Mammal,1612,2017-03-26 21:08:51.260669+00,1,19,178
1210,Mammal,1758,2017-03-26 21:08:59.931022+00,1,19,219
1211,Bird,1803,2017-03-26 21:09:04.187588+00,1,19,416
1214,Mammal,2792,2017-03-26 21:09:18.894349+00,1,19,205
1216,Mammal,6374,2017-03-26 21:09:32.166867+00,1,19,531
1217,Mammal,5085,2017-03-26 21:09:39.471396+00,1,19,523
1218,Reptil,8551,2017-03-26 21:09:50.435885+00,1,19,470
1220,Mammal,1798,2017-03-26 21:10:00.282378+00,1,19,451
1221,Mammal,3653,2017-03-26 21:10:06.864663+00,1,19,417
1222,Bird,1896,2017-03-26 21:10:11.835307+00,1,19,409
1223,Mammal,1608,2017-03-26 21:10:16.442651+00,1,19,183
1224,Bird,2789,2017-03-26 21:10:22.076569+00,1,19,300
1226,Mammal,2256,2017-03-26 21:10:34.100063+00,1,19,385
1228,Mammal,2022,2017-03-26 21:11:44.653359+00,1,19,388
1229,Bird,2362,2017-03-26 21:11:50.467319+00,1,19,329
1230,Mammal,3375,2017-03-26 21:11:56.033226+00,1,19,308
1231,Mammal,1430,2017-03-26 21:11:59.796851+00,1,19,471
1232,Amphibian,2096,2017-03-26 21:12:04.867706+00,1,19,425
1233,Mammal,1958,2017-03-26 21:12:09.440695+00,1,19,402
1234,Mammal,2591,2017-03-26 21:12:14.465288+00,1,19,83
1235,Mammal,2159,2017-03-26 21:12:19.523402+00,1,19,327
1236,Reptil,1589,2017-03-26 21:12:23.557878+00,1,19,70
1237,Reptil,2290,2017-03-26 21:12:28.781756+00,1,19,310
1238,Mammal,1532,2017-03-26 21:12:33.45152+00,1,19,476
1239,Mammal,2744,2017-03-27 00:17:28.670843+00,1,12,12
1240,Mammal,2121,2017-03-27 00:18:08.185626+00,1,12,451
1241,Bird,2438,2017-03-27 00:18:53.738614+00,1,12,288
1242,Mammal,2889,2017-03-27 00:21:07.707692+00,1,12,430
1243,Mammal,3304,2017-03-27 00:23:36.097527+00,1,12,139
1244,Bird,3578,2017-03-27 00:24:12.541503+00,1,12,166
1245,Amphibian,2682,2017-03-27 00:24:35.261015+00,1,12,429
1246,Amphibian,2627,2017-03-27 00:24:58.317309+00,1,12,503
1247,Amphibian,2399,2017-03-27 00:25:45.24836+00,1,12,425
1248,Mammal,2510,2017-03-27 00:26:36.223037+00,1,12,219
1249,Mammal,2449,2017-03-27 00:26:49.264021+00,1,12,308
1250,Bird,2047,2017-03-27 00:26:57.829624+00,1,12,326
1251,Reptil,3102,2017-03-27 00:28:46.058498+00,1,12,545
1252,Mammal,2497,2017-03-27 00:29:29.700221+00,1,12,388
1253,Mammal,2170,2017-03-27 00:30:24.225726+00,1,12,568
1254,Mammal,1918,2017-03-27 00:31:14.019165+00,1,12,366
1255,Mammal,1748,2017-03-27 00:31:40.49264+00,1,12,555
1256,Mammal,1858,2017-03-27 00:31:54.868334+00,1,12,325
1257,Bird,1963,2017-03-27 00:31:59.447626+00,1,12,262
1258,Mammal,2208,2017-03-27 00:32:23.321967+00,1,12,101
1259,Bird,1939,2017-03-27 00:32:30.95658+00,1,12,303
1260,Mammal,1734,2017-03-27 00:32:38.634281+00,1,12,88
1261,Reptil,2183,2017-03-27 00:32:43.245013+00,1,12,305
1262,Bird,1908,2017-03-27 00:33:06.247223+00,1,12,209
1263,Bird,2489,2017-03-27 00:33:46.554321+00,1,12,409
1264,Mammal,1749,2017-03-27 00:34:12.750062+00,1,12,440
1265,Reptil,2141,2017-03-27 00:34:29.053753+00,1,12,344
1266,Mammal,7128,2017-03-27 00:34:55.28725+00,1,12,373
1267,Mammal,1964,2017-03-27 00:36:25.585768+00,1,12,565
1268,Mammal,1590,2017-03-27 00:36:58.790532+00,1,12,147
1269,Bird,1986,2017-03-27 00:37:03.338011+00,1,12,352
1270,Bird,2287,2017-03-27 00:37:11.854497+00,1,12,550
1271,Bird,1354,2017-03-27 00:37:29.377115+00,1,12,527
1272,Mammal,1888,2017-03-27 00:37:33.789223+00,1,12,188
1273,Mammal,1242,2017-03-27 00:37:37.298481+00,1,12,525
1274,Mammal,2772,2017-03-27 00:37:42.987055+00,1,12,321
1275,Reptil,2604,2017-03-27 00:37:48.232609+00,1,12,119
1276,Mammal,2184,2017-03-27 00:37:53.338189+00,1,12,520
1277,Mammal,1781,2017-03-27 00:37:57.749781+00,1,12,263
1278,Mammal,1492,2017-03-27 00:38:01.739513+00,1,12,164
1279,Mammal,1232,2017-03-27 00:38:05.38558+00,1,12,253
1280,Mammal,1405,2017-03-27 00:38:09.361113+00,1,12,57
1281,Mammal,2299,2017-03-27 00:38:14.201023+00,1,12,343
1282,Mammal,2068,2017-03-27 00:38:18.529855+00,1,12,523
1283,Mammal,1701,2017-03-27 00:38:22.580122+00,1,12,208
1284,Mammal,1322,2017-03-27 00:38:26.13641+00,1,12,123
1285,Mammal,1500,2017-03-27 00:38:30.036197+00,1,12,205
1286,Mammal,1838,2017-03-27 00:38:34.452217+00,1,12,402
1287,Mammal,1862,2017-03-27 00:38:38.742065+00,1,12,454
1288,Mammal,1730,2017-03-27 00:38:43.092465+00,1,12,483
1289,Mammal,1569,2017-03-27 00:38:47.084394+00,1,12,301
1290,Mammal,1350,2017-03-27 00:38:50.876271+00,1,12,178
1291,Amphibian,1715,2017-03-27 00:38:54.971372+00,1,12,539
1292,Mammal,1536,2017-03-27 00:38:58.755396+00,1,12,551
1293,Bird,1817,2017-03-27 00:39:03.026755+00,1,12,277
1294,Reptil,2537,2017-03-27 00:39:07.868393+00,1,12,349
1295,Bird,1708,2017-03-27 00:39:12.231242+00,1,12,544
1296,Mammal,1630,2017-03-27 00:39:16.48716+00,1,12,506
1297,Mammal,2515,2017-03-27 00:39:21.445967+00,1,12,221
1298,Mammal,2334,2017-03-27 00:39:26.210898+00,1,12,572
1299,Bird,1675,2017-03-27 00:39:30.588098+00,1,12,443
1300,Reptil,2439,2017-03-27 00:39:35.430436+00,1,12,254
1301,Mammal,2196,2017-03-27 00:39:39.967156+00,1,12,37
1302,Bird,1441,2017-03-27 00:39:43.84794+00,1,12,324
1303,Mammal,2102,2017-03-27 00:39:48.518105+00,1,12,471
1304,Reptil,1657,2017-03-27 00:39:52.510882+00,1,12,240
1305,Bird,1486,2017-03-27 00:39:57.292338+00,1,12,191
1306,Mammal,1737,2017-03-27 00:40:02.129207+00,1,12,494
1307,Mammal,1372,2017-03-27 00:40:07.025049+00,1,12,417
1308,Mammal,1830,2017-03-27 00:40:11.4896+00,1,12,476
1309,Bird,1936,2017-03-27 00:40:15.774609+00,1,12,165
1310,Bird,3326,2017-03-27 00:40:21.710539+00,1,12,404
1311,Mammal,1836,2017-03-27 00:40:25.867746+00,1,12,289
1312,Mammal,1779,2017-03-27 00:40:30.320947+00,1,12,531
1313,Mammal,1454,2017-03-27 00:40:34.178999+00,1,12,457
1314,Mammal,1767,2017-03-27 00:40:38.424253+00,1,12,378
1315,Amphibian,2139,2017-03-27 00:40:43.006449+00,1,12,543
1316,Reptil,2040,2017-03-27 00:40:47.350139+00,1,12,459
1317,Mammal,1671,2017-03-27 00:40:51.798976+00,1,12,83
1318,Mammal,1554,2017-03-27 00:40:55.85629+00,1,12,453
1319,Amphibian,24428,2017-03-27 15:20:25.121611+00,1,18,157
1320,Reptil,50267,2017-03-27 15:22:28.331675+00,1,18,310
1321,Bird,4010,2017-03-27 15:30:16.552002+00,1,18,299
1322,Mammal,8006,2017-03-27 15:31:03.732534+00,1,18,124
1323,Bird,74815,2017-03-27 15:50:04.926838+00,1,18,191
1324,Mammal,10283,2017-03-27 15:59:07.047414+00,1,18,221
1325,Bird,5083,2017-03-27 16:00:25.193998+00,1,18,95
1326,Bird,3173,2017-03-28 01:10:35.675454+00,1,17,326
1327,Mammal,3268,2017-03-28 01:11:18.927608+00,1,17,124
1328,Mammal,3198,2017-03-28 01:12:02.803984+00,1,17,332
1329,Bird,6513,2017-03-28 01:13:37.151946+00,1,17,329
1330,Bird,5073,2017-03-28 01:13:50.305207+00,1,17,299
1331,Bird,4706,2017-03-28 01:15:47.424491+00,1,17,165
1332,Amphibian,6405,2017-03-28 01:20:49.575569+00,1,17,425
1333,Bird,4148,2017-03-28 01:28:22.356812+00,1,17,404
1334,Mammal,16277,2017-03-28 01:30:20.421487+00,1,17,68
1335,Mammal,3468,2017-03-28 01:35:01.141651+00,1,17,525
1336,Mammal,3910,2017-03-28 01:35:10.934676+00,1,17,451
1337,Bird,3576,2017-03-28 01:45:32.785404+00,1,17,2
1338,Bird,43034,2017-03-28 01:48:02.746113+00,1,17,262
1339,Mammal,2244,2017-03-28 02:06:36.215501+00,1,17,454
1340,Mammal,2431,2017-03-28 02:06:47.581834+00,1,17,555
1341,Mammal,8305,2017-03-28 02:08:26.75675+00,1,17,551
1342,Reptil,5105,2017-03-28 02:10:01.502903+00,1,17,119
1343,Reptil,3481,2017-03-28 02:10:24.75+00,1,17,305
1344,Bird,4579,2017-03-28 02:11:58.218603+00,1,17,435
1345,Mammal,5673,2017-03-28 02:14:11.461536+00,1,17,342
1346,Mammal,3608,2017-03-28 02:18:27.740374+00,1,17,188
1347,Mammal,3382,2017-03-28 02:19:06.097406+00,1,17,522
1348,Mammal,9463,2017-03-28 02:27:39.423959+00,1,17,164
1349,Mammal,2714,2017-03-28 02:28:16.779368+00,1,17,417
1350,Mammal,3636,2017-03-28 02:28:23.655106+00,1,17,123
1351,Bird,2437,2017-03-28 02:30:08.876199+00,1,17,288
1352,Bird,2206,2017-03-28 02:30:14.99522+00,1,17,416
1353,Mammal,2373,2017-03-28 02:30:20.698265+00,1,17,430
1354,Mammal,4975,2017-03-28 02:30:28.535308+00,1,17,278
1355,Mammal,2029,2017-03-28 02:30:34.433932+00,1,17,178
1356,Reptil,2144,2017-03-28 02:30:40.190063+00,1,17,470
1357,Mammal,1471,2017-03-28 02:30:45.045895+00,1,17,306
1358,Mammal,1464,2017-03-28 02:30:49.540035+00,1,17,225
1359,Mammal,6880,2017-03-28 02:31:01.467072+00,1,17,523
1360,Bird,1803,2017-03-28 02:31:06.557856+00,1,17,527
1361,Mammal,2334,2017-03-28 02:31:12.738533+00,1,17,483
1362,Mammal,1911,2017-03-28 02:31:17.93488+00,1,17,321
1363,Mammal,1764,2017-03-28 02:31:23.154044+00,1,17,94
1364,Bird,2995,2017-03-28 02:31:30.559861+00,1,17,303
1365,Mammal,2350,2017-03-28 02:31:36.407037+00,1,17,57
1366,Mammal,1588,2017-03-28 02:31:41.248054+00,1,17,101
1367,Reptil,1995,2017-03-28 02:31:46.89299+00,1,17,310
1368,Mammal,99273,2017-03-28 02:33:31.815316+00,1,17,88
1369,Mammal,2993,2017-03-28 02:33:38.259201+00,1,17,289
1370,Mammal,2330,2017-03-28 02:33:43.866035+00,1,17,259
1371,Bird,2590,2017-03-28 02:33:50.170161+00,1,17,544
1372,Mammal,2243,2017-03-28 02:33:57.472163+00,1,17,568
1373,Mammal,5640,2017-03-28 02:34:07.468048+00,1,17,221
1374,Mammal,10016,2017-03-28 02:34:23.058503+00,1,17,308
1375,Mammal,17235,2017-03-28 02:34:45.897947+00,1,17,37
1376,Mammal,10442,2017-03-28 02:35:00.63901+00,1,17,244
1377,Reptil,1822,2017-03-28 02:35:07.101666+00,1,17,459
1378,Bird,2587,2017-03-28 02:35:13.8987+00,1,17,409
1379,Reptil,1959,2017-03-28 02:35:19.161283+00,1,17,70
1380,Mammal,214591,2017-03-28 02:38:58.550563+00,1,17,506
1381,Bird,3102,2017-03-28 02:39:05.678522+00,1,17,356
1382,Mammal,2433,2017-03-28 02:39:11.775136+00,1,17,388
1383,Bird,6157,2017-03-28 02:39:22.462117+00,1,17,191
1384,Bird,2310,2017-03-28 02:39:28.269994+00,1,17,166
1385,Bird,2994,2017-03-28 02:39:38.197338+00,1,17,230
1386,Mammal,1981,2017-03-28 02:42:14.763522+00,1,17,368
1387,Mammal,1686,2017-03-28 02:42:22.367642+00,1,17,419
1388,Mammal,1003,2017-03-28 02:42:29.724715+00,1,17,531
1389,Amphibian,2121,2017-03-28 02:42:38.494061+00,1,17,543
1390,Mammal,6432,2017-03-28 02:42:49.67755+00,1,17,275
1391,Mammal,1822,2017-03-28 02:42:55.755231+00,1,17,161
1392,Mammal,1454,2017-03-28 02:43:02.150418+00,1,17,476
1393,Bird,1627,2017-03-28 02:43:07.886385+00,1,17,207
1394,Mammal,2117,2017-03-28 02:43:14.584125+00,1,17,378
1395,Mammal,10585,2017-03-28 02:43:30.976458+00,1,17,366
1396,Mammal,2177,2017-03-28 02:43:37.249391+00,1,17,385
1397,Reptil,16843,2017-03-28 02:43:58.717135+00,1,17,240
1398,Mammal,1938,2017-03-28 02:44:06.059193+00,1,17,301
1399,Mammal,4134,2017-03-28 02:44:14.137866+00,1,17,440
1400,Reptil,5375,2017-03-28 02:44:27.120762+00,1,17,50
1401,Bird,1827,2017-03-28 02:44:34.299199+00,1,17,95
1402,Mammal,19057,2017-03-28 02:44:58.220268+00,1,17,402
1403,Mammal,5266,2017-03-28 02:45:08.56468+00,1,17,327
1404,Mammal,4819,2017-03-28 02:45:20.739247+00,1,17,147
1405,Bird,1942,2017-03-28 02:45:28.062301+00,1,17,277
1406,Mammal,1779,2017-03-28 02:45:37.839515+00,1,17,219
1407,Mammal,2373,2017-03-28 02:45:44.372998+00,1,17,343
1408,Mammal,1696,2017-03-28 02:45:51.228541+00,1,17,494
1409,Reptil,11280,2017-03-28 02:46:07.874101+00,1,17,349
1410,Mammal,2709,2017-03-28 02:46:15.201072+00,1,17,565
1411,Mammal,1736,2017-03-28 02:46:20.458099+00,1,17,183
1412,Mammal,8091,2017-03-28 02:46:33.147131+00,1,17,253
1413,Bird,3838,2017-03-28 02:46:41.776215+00,1,17,209
1414,Mammal,1852,2017-03-28 02:46:47.932722+00,1,17,205
1415,Mammal,4254,2017-03-28 02:46:57.865425+00,1,17,144
1416,Bird,4053,2017-03-28 02:47:05.548918+00,1,17,300
1417,Reptil,2140,2017-03-28 02:47:11.263763+00,1,17,254
1418,Bird,2389,2017-03-28 02:47:17.704172+00,1,17,269
1419,Amphibian,3578,2017-03-28 02:47:25.48327+00,1,17,503
1420,Mammal,2032,2017-03-28 02:47:31.322262+00,1,17,325
1421,Mammal,1727,2017-03-28 02:47:37.524705+00,1,17,572
1422,Mammal,1806,2017-03-28 02:47:45.461081+00,1,17,457
